T10,T11,lat,lon,insitu,date
21.37557185,19.18385756,19.47900009,90.83899689,25.39999962,2014-01-17
21.37557185,19.18385756,19.47900009,90.83899689,25.39999962,2014-01-18
21.4762269,19.38168988,20.30800056,90.98999786,25.20000076,2014-01-18
21.4762269,19.38168988,20.30800056,90.98999786,25.29999924,2014-01-18
21.4762269,19.38168988,20.30800056,90.98999786,25.29999924,2014-01-18
21.4762269,19.38168988,20.30800056,90.98999786,25.29999924,2014-01-18
21.4762269,19.38168988,20.30800056,90.98999786,25.20000076,2014-01-18
21.4762269,19.38168988,20.30800056,90.98999786,25.29999924,2014-01-18
21.4762269,19.38168988,20.30800056,90.98999786,25.29999924,2014-01-18
21.4762269,19.38168988,20.30800056,90.98999786,25.29999924,2014-01-18
21.4762269,19.38168988,20.30800056,90.98999786,25.20000076,2014-01-18
21.4762269,19.38168988,20.30800056,90.98999786,25.29999924,2014-01-18
21.4762269,19.38168988,20.30800056,90.98999786,25.29999924,2014-01-18
21.4762269,19.38168988,20.30800056,90.98999786,25.29999924,2014-01-18
21.4762269,19.38168988,20.30800056,90.98999786,25.20000076,2014-01-18
21.4762269,19.38168988,20.30800056,90.98999786,25.29999924,2014-01-18
21.4762269,19.38168988,20.30800056,90.98999786,25.29999924,2014-01-18
21.4762269,19.38168988,20.30800056,90.98999786,25.29999924,2014-01-18
21.38048392,19.12852712,19.48200035,90.83699799,25.39999962,2014-01-18
21.38048392,19.12852712,19.48200035,90.83699799,25.39999962,2014-01-18
21.38048392,19.12852712,19.48200035,90.83699799,25.39999962,2014-01-18
21.38048392,19.12852712,19.48200035,90.83699799,25.39999962,2014-01-18
21.38048392,19.12852712,19.48200035,90.83699799,25.39999962,2014-01-18
21.38048392,19.12852712,19.48200035,90.83699799,25.39999962,2014-01-18
21.38048392,19.12852712,19.48200035,90.83699799,25.39999962,2014-01-18
21.38048392,19.12852712,19.48200035,90.83699799,25.39999962,2014-01-18
21.38048392,19.12852712,19.48200035,90.83699799,25.39999962,2014-01-18
21.38048392,19.12852712,19.48200035,90.83699799,25.39999962,2014-01-18
21.38048392,19.12852712,19.48200035,90.83699799,25.39999962,2014-01-18
21.38048392,19.12852712,19.48200035,90.83699799,25.39999962,2014-01-18
21.38048392,19.12852712,19.48200035,90.83699799,25.39999962,2014-01-18
21.38048392,19.12852712,19.48200035,90.83699799,25.39999962,2014-01-18
21.38048392,19.12852712,19.48200035,90.83699799,25.39999962,2014-01-18
21.38048392,19.12852712,19.48200035,90.83699799,25.39999962,2014-01-18
21.39276316,19.18676904,19.47999954,90.81800079,25.39999962,2014-01-18
21.39276316,19.18676904,19.47999954,90.81800079,25.5,2014-01-18
21.39276316,19.18676904,19.47999954,90.81800079,25.39999962,2014-01-18
21.39276316,19.18676904,19.47999954,90.81800079,25.5,2014-01-18
21.44677609,19.311901,20.31599998,91.01799774,25.29999924,2014-01-18
21.44677609,19.311901,20.31599998,91.01799774,25.39999962,2014-01-18
21.44677609,19.311901,20.31599998,91.01799774,25.29999924,2014-01-18
21.44677609,19.311901,20.31599998,91.01799774,25.39999962,2014-01-18
21.35837794,19.12270149,20.31299973,91.03900146,25.5,2014-01-18
21.35837794,19.12270149,20.31299973,91.03900146,25.5,2014-01-18
21.35837794,19.12270149,20.31299973,91.03900146,25.5,2014-01-18
21.35837794,19.12270149,20.31299973,91.03900146,25.5,2014-01-18
21.59395407,19.34098424,19.47400093,90.77300262,25.60000038,2014-01-18
21.41486246,19.21588022,19.46999931,90.75499725,25.79999924,2014-01-18
21.33872458,19.13726507,20.29500008,91.04699707,25.70000076,2014-01-18
21.33872458,19.13726507,20.29500008,91.04699707,25.79999924,2014-01-18
21.33872458,19.13726507,20.29500008,91.04699707,25.70000076,2014-01-18
21.33872458,19.13726507,20.29500008,91.04699707,25.79999924,2014-01-18
21.46641081,19.32062666,19.47100067,90.75700378,25.79999924,2014-01-18
21.38293987,19.15473921,19.46999931,90.75,25.79999924,2014-01-18
21.33872458,19.11978858,20.28199959,91.05599976,25.70000076,2014-01-18
21.42468299,19.09939638,19.47200012,90.75099945,25.60000038,2014-01-18
21.14938712,18.93906053,20.28100014,91.06300354,25.29999924,2014-01-18
21.43695747,19.09065588,19.47200012,90.75,25.39999962,2014-01-18
21.43695747,19.09065588,19.47200012,90.75,25.39999962,2014-01-18
21.43695747,19.09065588,19.47200012,90.75,25.5,2014-01-18
21.43695747,19.09065588,19.47200012,90.75,25.39999962,2014-01-18
21.43695747,19.09065588,19.47200012,90.75,25.39999962,2014-01-18
21.43695747,19.09065588,19.47200012,90.75,25.5,2014-01-18
21.43695747,19.09065588,19.47200012,90.75,25.39999962,2014-01-18
21.43695747,19.09065588,19.47200012,90.75,25.39999962,2014-01-18
21.43695747,19.09065588,19.47200012,90.75,25.5,2014-01-18
21.13708156,18.94489439,20.27400017,91.05999756,25.10000038,2014-01-18
21.13708156,18.94489439,20.27400017,91.05999756,25.29999924,2014-01-18
21.13708156,18.94489439,20.27400017,91.05999756,25.10000038,2014-01-18
21.13708156,18.94489439,20.27400017,91.05999756,25.29999924,2014-01-18
21.2477836,18.88362577,20.27899933,91.06300354,25.10000038,2014-01-18
21.38785162,19.19841429,19.4640007,90.74099731,25.29999924,2014-01-18
21.38785162,19.19841429,19.4640007,90.74099731,25.39999962,2014-01-18
21.38785162,19.19841429,19.4640007,90.74099731,25.39999962,2014-01-18
21.38785162,19.19841429,19.4640007,90.74099731,25.29999924,2014-01-18
21.38785162,19.19841429,19.4640007,90.74099731,25.39999962,2014-01-18
21.38785162,19.19841429,19.4640007,90.74099731,25.39999962,2014-01-18
21.38785162,19.19841429,19.4640007,90.74099731,25.29999924,2014-01-18
21.38785162,19.19841429,19.4640007,90.74099731,25.39999962,2014-01-18
21.38785162,19.19841429,19.4640007,90.74099731,25.39999962,2014-01-18
21.16415202,18.90405186,20.28100014,91.06400299,25.10000038,2014-01-18
21.16415202,18.90405186,20.28100014,91.06400299,25.20000076,2014-01-18
21.16415202,18.90405186,20.28100014,91.06400299,25.20000076,2014-01-18
21.16415202,18.90405186,20.28100014,91.06400299,25.10000038,2014-01-18
21.16415202,18.90405186,20.28100014,91.06400299,25.20000076,2014-01-18
21.16415202,18.90405186,20.28100014,91.06400299,25.20000076,2014-01-18
21.16415202,18.90405186,20.28100014,91.06400299,25.10000038,2014-01-18
21.16415202,18.90405186,20.28100014,91.06400299,25.20000076,2014-01-18
21.16415202,18.90405186,20.28100014,91.06400299,25.20000076,2014-01-18
21.5154828,19.14017759,19.45700073,90.69499969,25.20000076,2014-01-18
21.5154828,19.14017759,19.45700073,90.69499969,25.29999924,2014-01-18
21.5154828,19.14017759,19.45700073,90.69499969,25.29999924,2014-01-18
21.5154828,19.14017759,19.45700073,90.69499969,25.20000076,2014-01-18
21.5154828,19.14017759,19.45700073,90.69499969,25.29999924,2014-01-18
21.5154828,19.14017759,19.45700073,90.69499969,25.29999924,2014-01-18
21.5154828,19.14017759,19.45700073,90.69499969,25.20000076,2014-01-18
21.5154828,19.14017759,19.45700073,90.69499969,25.29999924,2014-01-18
21.5154828,19.14017759,19.45700073,90.69499969,25.29999924,2014-01-18
21.07307118,18.75808064,20.25900078,91.08200073,24.89999962,2014-01-18
21.07307118,18.75808064,20.25900078,91.08200073,25,2014-01-18
21.07307118,18.75808064,20.25900078,91.08200073,25.20000076,2014-01-18
21.07307118,18.75808064,20.25900078,91.08200073,25.29999924,2014-01-18
21.07307118,18.75808064,20.25900078,91.08200073,24.89999962,2014-01-18
21.07307118,18.75808064,20.25900078,91.08200073,25,2014-01-18
21.07307118,18.75808064,20.25900078,91.08200073,25.20000076,2014-01-18
21.07307118,18.75808064,20.25900078,91.08200073,25.29999924,2014-01-18
21.07307118,18.75808064,20.25900078,91.08200073,24.89999962,2014-01-18
21.07307118,18.75808064,20.25900078,91.08200073,25,2014-01-18
21.07307118,18.75808064,20.25900078,91.08200073,25.20000076,2014-01-18
21.07307118,18.75808064,20.25900078,91.08200073,25.29999924,2014-01-18
21.07307118,18.75808064,20.25900078,91.08200073,24.89999962,2014-01-18
21.07307118,18.75808064,20.25900078,91.08200073,25,2014-01-18
21.07307118,18.75808064,20.25900078,91.08200073,25.20000076,2014-01-18
21.07307118,18.75808064,20.25900078,91.08200073,25.29999924,2014-01-18
21.47868079,19.26244459,19.45800018,90.6780014,25.20000076,2014-01-18
21.47868079,19.26244459,19.45800018,90.6780014,25.29999924,2014-01-18
21.47868079,19.26244459,19.45800018,90.6780014,25.20000076,2014-01-18
21.47868079,19.26244459,19.45800018,90.6780014,25.29999924,2014-01-18
20.93754552,18.65580294,20.24200058,91.07900238,24.79999924,2014-01-18
21.54001088,19.19841429,19.4640007,90.66100311,25.20000076,2014-01-18
20.9967039,18.60317153,20.22999954,91.0759964,24.89999962,2014-01-18
22.51197904,21.35235536,20.14699936,91.27700043,23.89999962,2014-03-02
22.51197904,21.35235536,20.14699936,91.27700043,23.89999962,2014-03-02
22.51197904,21.35235536,20.14699936,91.27700043,23.89999962,2014-03-02
22.51197904,21.35235536,20.14699936,91.27700043,23.89999962,2014-03-02
22.36841278,21.21768524,20.16200066,91.29000092,23.89999962,2014-03-02
22.35867298,21.20908463,20.16200066,91.29100037,23.89999962,2014-03-02
22.25391786,21.11731003,20.1609993,91.30000305,23.89999962,2014-03-02
22.42683426,21.22341867,20.14100075,91.29599762,23.89999962,2014-03-02
22.42683426,21.22341867,20.14100075,91.29599762,24,2014-03-02
22.42683426,21.22341867,20.14100075,91.29599762,24,2014-03-02
22.42683426,21.22341867,20.14100075,91.29599762,24,2014-03-02
22.42683426,21.22341867,20.14100075,91.29599762,24,2014-03-02
22.42683426,21.22341867,20.14100075,91.29599762,23.89999962,2014-03-02
22.42683426,21.22341867,20.14100075,91.29599762,24,2014-03-02
22.42683426,21.22341867,20.14100075,91.29599762,24,2014-03-02
22.42683426,21.22341867,20.14100075,91.29599762,24,2014-03-02
22.42683426,21.22341867,20.14100075,91.29599762,24,2014-03-02
22.42683426,21.22341867,20.14100075,91.29599762,23.89999962,2014-03-02
22.42683426,21.22341867,20.14100075,91.29599762,24,2014-03-02
22.42683426,21.22341867,20.14100075,91.29599762,24,2014-03-02
22.42683426,21.22341867,20.14100075,91.29599762,24,2014-03-02
22.42683426,21.22341867,20.14100075,91.29599762,24,2014-03-02
22.42683426,21.22341867,20.14100075,91.29599762,23.89999962,2014-03-02
22.42683426,21.22341867,20.14100075,91.29599762,24,2014-03-02
22.42683426,21.22341867,20.14100075,91.29599762,24,2014-03-02
22.42683426,21.22341867,20.14100075,91.29599762,24,2014-03-02
22.42683426,21.22341867,20.14100075,91.29599762,24,2014-03-02
22.42683426,21.22341867,20.14100075,91.29599762,23.89999962,2014-03-02
22.42683426,21.22341867,20.14100075,91.29599762,24,2014-03-02
22.42683426,21.22341867,20.14100075,91.29599762,24,2014-03-02
22.42683426,21.22341867,20.14100075,91.29599762,24,2014-03-02
22.42683426,21.22341867,20.14100075,91.29599762,24,2014-03-02
22.40492969,21.24634991,20.1079998,91.29299927,24,2014-03-02
22.40492969,21.24634991,20.1079998,91.29299927,24,2014-03-02
22.40492969,21.24634991,20.1079998,91.29299927,24,2014-03-02
22.40492969,21.24634991,20.1079998,91.29299927,24,2014-03-02
22.40492969,21.24634991,20.1079998,91.29299927,24,2014-03-02
22.40492969,21.24634991,20.1079998,91.29299927,24,2014-03-02
22.40492969,21.24634991,20.1079998,91.29299927,24,2014-03-02
22.40492969,21.24634991,20.1079998,91.29299927,24,2014-03-02
22.40492969,21.24634991,20.1079998,91.29299927,24,2014-03-02
22.45603386,21.22341867,20.11800003,91.28399658,23.89999962,2014-03-02
22.45603386,21.22341867,20.11800003,91.28399658,23.89999962,2014-03-02
22.45603386,21.22341867,20.11800003,91.28399658,23.89999962,2014-03-02
22.45603386,21.22341867,20.11800003,91.28399658,23.89999962,2014-03-02
22.45603386,21.22341867,20.11800003,91.28399658,23.89999962,2014-03-02
22.45603386,21.22341867,20.11800003,91.28399658,23.89999962,2014-03-02
22.45603386,21.22341867,20.11800003,91.28399658,23.89999962,2014-03-02
22.45603386,21.22341867,20.11800003,91.28399658,23.89999962,2014-03-02
22.45603386,21.22341867,20.11800003,91.28399658,23.89999962,2014-03-02
22.45603386,21.22341867,20.11800003,91.28399658,23.89999962,2014-03-02
22.45603386,21.22341867,20.11800003,91.28399658,23.89999962,2014-03-02
22.45603386,21.22341867,20.11800003,91.28399658,23.89999962,2014-03-02
22.45603386,21.22341867,20.11800003,91.28399658,23.89999962,2014-03-02
22.45603386,21.22341867,20.11800003,91.28399658,23.89999962,2014-03-02
22.45603386,21.22341867,20.11800003,91.28399658,23.89999962,2014-03-02
22.45603386,21.22341867,20.11800003,91.28399658,23.89999962,2014-03-02
22.29778048,21.08000844,20.11499977,91.33000183,23.79999924,2014-03-02
22.29778048,21.08000844,20.11499977,91.33000183,23.79999924,2014-03-02
22.29778048,21.08000844,20.11499977,91.33000183,23.79999924,2014-03-02
22.29778048,21.08000844,20.11499977,91.33000183,23.79999924,2014-03-02
22.29778048,21.08000844,20.11499977,91.33000183,23.79999924,2014-03-02
22.29778048,21.08000844,20.11499977,91.33000183,23.79999924,2014-03-02
22.29778048,21.08000844,20.11499977,91.33000183,23.79999924,2014-03-02
22.29778048,21.08000844,20.11499977,91.33000183,23.79999924,2014-03-02
22.29778048,21.08000844,20.11499977,91.33000183,23.79999924,2014-03-02
22.29778048,21.08000844,20.11499977,91.33000183,23.79999924,2014-03-02
22.29778048,21.08000844,20.11499977,91.33000183,23.79999924,2014-03-02
22.29778048,21.08000844,20.11499977,91.33000183,23.79999924,2014-03-02
22.29778048,21.08000844,20.11499977,91.33000183,23.79999924,2014-03-02
22.29778048,21.08000844,20.11499977,91.33000183,23.79999924,2014-03-02
22.29778048,21.08000844,20.11499977,91.33000183,23.79999924,2014-03-02
22.29778048,21.08000844,20.11499977,91.33000183,23.79999924,2014-03-02
22.35136759,21.16894106,20.11599922,91.30699921,23.79999924,2014-03-02
22.35136759,21.16894106,20.11599922,91.30699921,23.79999924,2014-03-02
22.35136759,21.16894106,20.11599922,91.30699921,23.79999924,2014-03-02
22.35136759,21.16894106,20.11599922,91.30699921,23.79999924,2014-03-02
20.76235429,18.48906333,19.48900032,91.75499725,25.5,2014-12-02
20.68577726,18.60609605,19.49200058,91.75900269,25.5,2014-12-02
20.75247629,18.55051871,19.4829998,91.76599884,25.39999962,2014-12-02
20.85861962,18.48028161,19.46999931,91.78199768,25.29999924,2014-12-02
20.85861962,18.48028161,19.46999931,91.78199768,25.29999924,2014-12-02
20.85861962,18.48028161,19.46999931,91.78199768,25.39999962,2014-12-02
20.85861962,18.48028161,19.46999931,91.78199768,25.29999924,2014-12-02
20.85861962,18.48028161,19.46999931,91.78199768,25.29999924,2014-12-02
20.85861962,18.48028161,19.46999931,91.78199768,25.39999962,2014-12-02
20.85861962,18.48028161,19.46999931,91.78199768,25.29999924,2014-12-02
20.85861962,18.48028161,19.46999931,91.78199768,25.29999924,2014-12-02
20.85861962,18.48028161,19.46999931,91.78199768,25.39999962,2014-12-02
20.77716967,18.63241384,19.46299934,91.78099823,25.20000076,2014-12-02
20.77716967,18.63241384,19.46299934,91.78099823,25.20000076,2014-12-02
20.77716967,18.63241384,19.46299934,91.78099823,25.20000076,2014-12-02
20.77716967,18.63241384,19.46299934,91.78099823,25.29999924,2014-12-02
20.77716967,18.63241384,19.46299934,91.78099823,25.29999924,2014-12-02
20.77716967,18.63241384,19.46299934,91.78099823,25.20000076,2014-12-02
20.77716967,18.63241384,19.46299934,91.78099823,25.20000076,2014-12-02
20.77716967,18.63241384,19.46299934,91.78099823,25.20000076,2014-12-02
20.77716967,18.63241384,19.46299934,91.78099823,25.29999924,2014-12-02
20.77716967,18.63241384,19.46299934,91.78099823,25.29999924,2014-12-02
20.77716967,18.63241384,19.46299934,91.78099823,25.20000076,2014-12-02
20.77716967,18.63241384,19.46299934,91.78099823,25.20000076,2014-12-02
20.77716967,18.63241384,19.46299934,91.78099823,25.20000076,2014-12-02
20.77716967,18.63241384,19.46299934,91.78099823,25.29999924,2014-12-02
20.77716967,18.63241384,19.46299934,91.78099823,25.29999924,2014-12-02
20.77716967,18.63241384,19.46299934,91.78099823,25.20000076,2014-12-02
20.77716967,18.63241384,19.46299934,91.78099823,25.20000076,2014-12-02
20.77716967,18.63241384,19.46299934,91.78099823,25.20000076,2014-12-02
20.77716967,18.63241384,19.46299934,91.78099823,25.29999924,2014-12-02
20.77716967,18.63241384,19.46299934,91.78099823,25.29999924,2014-12-02
20.77716967,18.63241384,19.46299934,91.78099823,25.20000076,2014-12-02
20.77716967,18.63241384,19.46299934,91.78099823,25.20000076,2014-12-02
20.77716967,18.63241384,19.46299934,91.78099823,25.20000076,2014-12-02
20.77716967,18.63241384,19.46299934,91.78099823,25.29999924,2014-12-02
20.77716967,18.63241384,19.46299934,91.78099823,25.29999924,2014-12-02
21.00902468,18.35434466,19.73699951,90.36399841,26.10000038,2014-07-03
21.00902468,18.35434466,19.73699951,90.36399841,26.20000076,2014-07-03
21.00902468,18.35434466,19.73699951,90.36399841,26.10000038,2014-07-03
21.00902468,18.35434466,19.73699951,90.36399841,26.20000076,2014-07-03
21.40995187,18.77560586,19.76600075,90.36299896,26.10000038,2014-07-03
21.40995187,18.77560586,19.76600075,90.36299896,26.20000076,2014-07-03
21.40995187,18.77560586,19.76600075,90.36299896,26.10000038,2014-07-03
21.40995187,18.77560586,19.76600075,90.36299896,26.20000076,2014-07-03
21.56453367,18.79604896,19.77099991,90.35500336,26.20000076,2014-07-03
21.20105589,18.79896914,19.77000046,90.3690033,26.20000076,2014-07-03
21.45413951,18.88946212,19.76600075,90.3690033,26.29999924,2014-07-03
21.45413951,18.88946212,19.76600075,90.3690033,26.29999924,2014-07-03
21.45413951,18.88946212,19.76600075,90.3690033,26.29999924,2014-07-03
21.45413951,18.88946212,19.76600075,90.3690033,26.29999924,2014-07-03
21.45413951,18.88946212,19.76600075,90.3690033,26.29999924,2014-07-03
21.45413951,18.88946212,19.76600075,90.3690033,26.29999924,2014-07-03
21.45413951,18.88946212,19.76600075,90.3690033,26.29999924,2014-07-03
21.45413951,18.88946212,19.76600075,90.3690033,26.29999924,2014-07-03
21.45413951,18.88946212,19.76600075,90.3690033,26.29999924,2014-07-03
21.37311574,18.72594492,19.76600075,90.36000061,26.29999924,2014-07-03
21.42959294,18.81940856,19.76499939,90.35700226,26.20000076,2014-07-03
21.41977283,18.8048093,19.77000046,90.34200287,26.20000076,2014-07-03
21.37557185,18.72886668,19.77899933,90.32800293,26.10000038,2014-07-03
21.37557185,18.72886668,19.77899933,90.32800293,26.10000038,2014-07-03
21.37557185,18.72886668,19.77899933,90.32800293,26.10000038,2014-07-03
21.37557185,18.72886668,19.77899933,90.32800293,26.10000038,2014-07-03
21.49585654,18.83692549,19.77400017,90.33200073,26.10000038,2014-07-03
21.36329075,18.70256848,19.77799988,90.31900024,26.10000038,2014-07-03
21.36574708,18.69964613,19.77799988,90.31999969,26,2014-07-03
21.36574708,18.69964613,19.77799988,90.31999969,26.10000038,2014-07-03
21.36574708,18.69964613,19.77799988,90.31999969,26,2014-07-03
21.36574708,18.69964613,19.77799988,90.31999969,26.10000038,2014-07-03
20.95480323,18.45100489,19.78899956,90.27899933,26,2014-07-03
21.22565182,18.57099735,19.8010006,90.26699829,26,2014-07-03
21.30923818,18.75808064,19.82099915,90.25099945,26.10000038,2014-07-03
24.69209379,22.88994426,18.00300026,84.65499878,27.70000076,2014-04-04
24.69209379,22.88994426,18.00300026,84.65499878,27.79999924,2014-04-04
24.69209379,22.88994426,18.00300026,84.65499878,27.79999924,2014-04-04
24.69209379,22.88994426,18.00300026,84.65499878,27.79999924,2014-04-04
24.69209379,22.88994426,18.00300026,84.65499878,27.79999924,2014-04-04
24.69448032,22.88994426,18.00300026,84.65499878,27.70000076,2014-04-04
24.69448032,22.88994426,18.00300026,84.65499878,27.79999924,2014-04-04
24.69448032,22.88994426,18.00300026,84.65499878,27.79999924,2014-04-04
24.69448032,22.88994426,18.00300026,84.65499878,27.79999924,2014-04-04
24.69448032,22.88994426,18.00300026,84.65499878,27.79999924,2014-04-04
24.69209379,22.88994426,18.00300026,84.65499878,27.70000076,2014-04-04
24.69209379,22.88994426,18.00300026,84.65499878,27.79999924,2014-04-04
24.69209379,22.88994426,18.00300026,84.65499878,27.79999924,2014-04-04
24.69209379,22.88994426,18.00300026,84.65499878,27.79999924,2014-04-04
24.69209379,22.88994426,18.00300026,84.65499878,27.79999924,2014-04-04
24.69448032,22.88994426,18.00300026,84.65499878,27.70000076,2014-04-04
24.69448032,22.88994426,18.00300026,84.65499878,27.79999924,2014-04-04
24.69448032,22.88994426,18.00300026,84.65499878,27.79999924,2014-04-04
24.69448032,22.88994426,18.00300026,84.65499878,27.79999924,2014-04-04
24.69448032,22.88994426,18.00300026,84.65499878,27.79999924,2014-04-04
24.69209379,22.88994426,18.00300026,84.65499878,27.70000076,2014-04-04
24.69209379,22.88994426,18.00300026,84.65499878,27.79999924,2014-04-04
24.69209379,22.88994426,18.00300026,84.65499878,27.79999924,2014-04-04
24.69209379,22.88994426,18.00300026,84.65499878,27.79999924,2014-04-04
24.69209379,22.88994426,18.00300026,84.65499878,27.79999924,2014-04-04
24.69448032,22.88994426,18.00300026,84.65499878,27.70000076,2014-04-04
24.69448032,22.88994426,18.00300026,84.65499878,27.79999924,2014-04-04
24.69448032,22.88994426,18.00300026,84.65499878,27.79999924,2014-04-04
24.69448032,22.88994426,18.00300026,84.65499878,27.79999924,2014-04-04
24.69448032,22.88994426,18.00300026,84.65499878,27.79999924,2014-04-04
24.69209379,22.88994426,18.00300026,84.65499878,27.70000076,2014-04-04
24.69209379,22.88994426,18.00300026,84.65499878,27.79999924,2014-04-04
24.69209379,22.88994426,18.00300026,84.65499878,27.79999924,2014-04-04
24.69209379,22.88994426,18.00300026,84.65499878,27.79999924,2014-04-04
24.69209379,22.88994426,18.00300026,84.65499878,27.79999924,2014-04-04
24.69448032,22.88994426,18.00300026,84.65499878,27.70000076,2014-04-04
24.69448032,22.88994426,18.00300026,84.65499878,27.79999924,2014-04-04
24.69448032,22.88994426,18.00300026,84.65499878,27.79999924,2014-04-04
24.69448032,22.88994426,18.00300026,84.65499878,27.79999924,2014-04-04
24.69448032,22.88994426,18.00300026,84.65499878,27.79999924,2014-04-04
24.69209379,22.88994426,18.00300026,84.65499878,27.70000076,2014-04-04
24.69209379,22.88994426,18.00300026,84.65499878,27.79999924,2014-04-04
24.69209379,22.88994426,18.00300026,84.65499878,27.79999924,2014-04-04
24.69209379,22.88994426,18.00300026,84.65499878,27.79999924,2014-04-04
24.69209379,22.88994426,18.00300026,84.65499878,27.79999924,2014-04-04
24.69448032,22.88994426,18.00300026,84.65499878,27.70000076,2014-04-04
24.69448032,22.88994426,18.00300026,84.65499878,27.79999924,2014-04-04
24.69448032,22.88994426,18.00300026,84.65499878,27.79999924,2014-04-04
24.69448032,22.88994426,18.00300026,84.65499878,27.79999924,2014-04-04
24.69448032,22.88994426,18.00300026,84.65499878,27.79999924,2014-04-04
24.52969561,22.7709852,18.04299927,84.69799805,27.89999962,2014-04-04
24.52969561,22.7709852,18.04299927,84.69799805,27.89999962,2014-04-04
24.48427935,22.76531786,18.08399963,84.73400116,28,2014-04-04
24.47710675,22.7624841,18.08399963,84.73400116,28,2014-04-04
24.40057161,22.77948577,18.10199928,84.73200226,28.10000038,2014-04-04
24.40057161,22.77948577,18.10199928,84.73200226,28.10000038,2014-04-04
24.40296409,22.77948577,18.10199928,84.73200226,28.10000038,2014-04-04
24.40296409,22.77948577,18.10199928,84.73200226,28.10000038,2014-04-04
24.40057161,22.77948577,18.10199928,84.73200226,28.10000038,2014-04-04
24.40057161,22.77948577,18.10199928,84.73200226,28.10000038,2014-04-04
24.40296409,22.77948577,18.10199928,84.73200226,28.10000038,2014-04-04
24.40296409,22.77948577,18.10199928,84.73200226,28.10000038,2014-04-04
24.47710675,22.62639324,18.12700081,84.76200104,28,2014-04-04
24.47710675,22.62639324,18.12700081,84.76200104,28,2014-04-04
24.47471578,22.62355654,18.12700081,84.76200104,28,2014-04-04
24.47471578,22.62355654,18.12700081,84.76200104,28,2014-04-04
24.47710675,22.62639324,18.12700081,84.76200104,28,2014-04-04
24.47710675,22.62639324,18.12700081,84.76200104,28,2014-04-04
24.47471578,22.62355654,18.12700081,84.76200104,28,2014-04-04
24.47471578,22.62355654,18.12700081,84.76200104,28,2014-04-04
24.20661768,22.51287871,18.14900017,84.77500153,27.89999962,2014-04-04
24.20661768,22.51287871,18.14900017,84.77500153,28,2014-04-04
24.20661768,22.51287871,18.14900017,84.77500153,28,2014-04-04
24.20661768,22.51287871,18.14900017,84.77500153,28,2014-04-04
24.20661768,22.51287871,18.14900017,84.77500153,28,2014-04-04
24.20661768,22.51287871,18.14900017,84.77500153,28,2014-04-04
24.21620322,22.51571774,18.14900017,84.77500153,27.89999962,2014-04-04
24.21620322,22.51571774,18.14900017,84.77500153,28,2014-04-04
24.21620322,22.51571774,18.14900017,84.77500153,28,2014-04-04
24.21620322,22.51571774,18.14900017,84.77500153,28,2014-04-04
24.21620322,22.51571774,18.14900017,84.77500153,28,2014-04-04
24.21620322,22.51571774,18.14900017,84.77500153,28,2014-04-04
24.20661768,22.51287871,18.14900017,84.77500153,27.89999962,2014-04-04
24.20661768,22.51287871,18.14900017,84.77500153,28,2014-04-04
24.20661768,22.51287871,18.14900017,84.77500153,28,2014-04-04
24.20661768,22.51287871,18.14900017,84.77500153,28,2014-04-04
24.20661768,22.51287871,18.14900017,84.77500153,28,2014-04-04
24.20661768,22.51287871,18.14900017,84.77500153,28,2014-04-04
24.21620322,22.51571774,18.14900017,84.77500153,27.89999962,2014-04-04
24.21620322,22.51571774,18.14900017,84.77500153,28,2014-04-04
24.21620322,22.51571774,18.14900017,84.77500153,28,2014-04-04
24.21620322,22.51571774,18.14900017,84.77500153,28,2014-04-04
24.21620322,22.51571774,18.14900017,84.77500153,28,2014-04-04
24.21620322,22.51571774,18.14900017,84.77500153,28,2014-04-04
24.20661768,22.51287871,18.14900017,84.77500153,27.89999962,2014-04-04
24.20661768,22.51287871,18.14900017,84.77500153,28,2014-04-04
24.20661768,22.51287871,18.14900017,84.77500153,28,2014-04-04
24.20661768,22.51287871,18.14900017,84.77500153,28,2014-04-04
24.20661768,22.51287871,18.14900017,84.77500153,28,2014-04-04
24.20661768,22.51287871,18.14900017,84.77500153,28,2014-04-04
24.21620322,22.51571774,18.14900017,84.77500153,27.89999962,2014-04-04
24.21620322,22.51571774,18.14900017,84.77500153,28,2014-04-04
24.21620322,22.51571774,18.14900017,84.77500153,28,2014-04-04
24.21620322,22.51571774,18.14900017,84.77500153,28,2014-04-04
24.21620322,22.51571774,18.14900017,84.77500153,28,2014-04-04
24.21620322,22.51571774,18.14900017,84.77500153,28,2014-04-04
24.20661768,22.51287871,18.14900017,84.77500153,27.89999962,2014-04-04
24.20661768,22.51287871,18.14900017,84.77500153,28,2014-04-04
24.20661768,22.51287871,18.14900017,84.77500153,28,2014-04-04
24.20661768,22.51287871,18.14900017,84.77500153,28,2014-04-04
24.20661768,22.51287871,18.14900017,84.77500153,28,2014-04-04
24.20661768,22.51287871,18.14900017,84.77500153,28,2014-04-04
24.21620322,22.51571774,18.14900017,84.77500153,27.89999962,2014-04-04
24.21620322,22.51571774,18.14900017,84.77500153,28,2014-04-04
24.21620322,22.51571774,18.14900017,84.77500153,28,2014-04-04
24.21620322,22.51571774,18.14900017,84.77500153,28,2014-04-04
24.21620322,22.51571774,18.14900017,84.77500153,28,2014-04-04
24.21620322,22.51571774,18.14900017,84.77500153,28,2014-04-04
24.20661768,22.51287871,18.14900017,84.77500153,27.89999962,2014-04-04
24.20661768,22.51287871,18.14900017,84.77500153,28,2014-04-04
24.20661768,22.51287871,18.14900017,84.77500153,28,2014-04-04
24.20661768,22.51287871,18.14900017,84.77500153,28,2014-04-04
24.20661768,22.51287871,18.14900017,84.77500153,28,2014-04-04
24.20661768,22.51287871,18.14900017,84.77500153,28,2014-04-04
24.21620322,22.51571774,18.14900017,84.77500153,27.89999962,2014-04-04
24.21620322,22.51571774,18.14900017,84.77500153,28,2014-04-04
24.21620322,22.51571774,18.14900017,84.77500153,28,2014-04-04
24.21620322,22.51571774,18.14900017,84.77500153,28,2014-04-04
24.21620322,22.51571774,18.14900017,84.77500153,28,2014-04-04
24.21620322,22.51571774,18.14900017,84.77500153,28,2014-04-04
24.20661768,22.51287871,18.14900017,84.77500153,27.89999962,2014-04-04
24.20661768,22.51287871,18.14900017,84.77500153,28,2014-04-04
24.20661768,22.51287871,18.14900017,84.77500153,28,2014-04-04
24.20661768,22.51287871,18.14900017,84.77500153,28,2014-04-04
24.20661768,22.51287871,18.14900017,84.77500153,28,2014-04-04
24.20661768,22.51287871,18.14900017,84.77500153,28,2014-04-04
24.21620322,22.51571774,18.14900017,84.77500153,27.89999962,2014-04-04
24.21620322,22.51571774,18.14900017,84.77500153,28,2014-04-04
24.21620322,22.51571774,18.14900017,84.77500153,28,2014-04-04
24.21620322,22.51571774,18.14900017,84.77500153,28,2014-04-04
24.21620322,22.51571774,18.14900017,84.77500153,28,2014-04-04
24.21620322,22.51571774,18.14900017,84.77500153,28,2014-04-04
24.49384213,22.75114846,18.2689991,84.87200165,28.10000038,2014-04-04
24.67538673,22.89560635,18.28800011,84.89099884,28,2014-04-04
24.67538673,22.89560635,18.28800011,84.89099884,28.10000038,2014-04-04
24.67538673,22.89560635,18.28800011,84.89099884,28,2014-04-04
24.67538673,22.89560635,18.28800011,84.89099884,28.10000038,2014-04-04
25.48888029,23.53107851,19.49200058,91.95700073,28.89999962,2014-04-17
25.85100131,24.16358061,19.48999977,91.94599915,28.89999962,2014-04-17
25.85100131,24.16358061,19.48999977,91.94599915,28.89999962,2014-04-17
25.85100131,24.16358061,19.48999977,91.94599915,28.89999962,2014-04-17
25.85100131,24.16358061,19.48999977,91.94599915,28.89999962,2014-04-17
25.7375141,24.14114207,19.49799919,91.93599701,28.89999962,2014-04-17
25.80845636,24.25329779,19.49600029,91.93199921,29,2014-04-17
25.9478522,24.32334824,19.50600052,91.91100311,29.10000038,2014-04-17
25.9478522,24.32334824,19.50600052,91.91100311,29.20000076,2014-04-17
25.93604536,24.30093602,19.50600052,91.91100311,29.10000038,2014-04-17
25.93604536,24.30093602,19.50600052,91.91100311,29.20000076,2014-04-17
25.9478522,24.32334824,19.50600052,91.91100311,29.10000038,2014-04-17
25.9478522,24.32334824,19.50600052,91.91100311,29.20000076,2014-04-17
25.93604536,24.30093602,19.50600052,91.91100311,29.10000038,2014-04-17
25.93604536,24.30093602,19.50600052,91.91100311,29.20000076,2014-04-17
26.07057371,24.20283915,19.52000046,91.8769989,29.5,2014-04-17
26.07057371,24.20283915,19.52000046,91.8769989,29.5,2014-04-17
26.00686879,24.1832113,19.52000046,91.8769989,29.5,2014-04-17
26.00686879,24.1832113,19.52000046,91.8769989,29.5,2014-04-17
26.07057371,24.20283915,19.52000046,91.8769989,29.5,2014-04-17
26.07057371,24.20283915,19.52000046,91.8769989,29.5,2014-04-17
26.00686879,24.1832113,19.52000046,91.8769989,29.5,2014-04-17
26.00686879,24.1832113,19.52000046,91.8769989,29.5,2014-04-17
25.98798668,24.30934103,19.54500008,91.91000366,29.5,2014-04-17
25.97618383,24.30373775,19.54500008,91.91000366,29.5,2014-04-17
25.92423734,24.079417,19.57099915,91.90599823,29.39999962,2014-04-17
25.92423734,24.079417,19.57099915,91.90599823,29.5,2014-04-17
25.86045366,23.97835187,19.57099915,91.90599823,29.39999962,2014-04-17
25.86045366,23.97835187,19.57099915,91.90599823,29.5,2014-04-17
25.92423734,24.079417,19.57099915,91.90599823,29.39999962,2014-04-17
25.92423734,24.079417,19.57099915,91.90599823,29.5,2014-04-17
25.86045366,23.97835187,19.57099915,91.90599823,29.39999962,2014-04-17
25.86045366,23.97835187,19.57099915,91.90599823,29.5,2014-04-17
26.10123424,24.50531114,19.59300041,91.90299988,29.20000076,2014-04-17
26.10123424,24.50531114,19.59300041,91.90299988,29.20000076,2014-04-17
26.10123424,24.50531114,19.59300041,91.90299988,29.29999924,2014-04-17
26.09651775,24.4969182,19.59300041,91.90299988,29.20000076,2014-04-17
26.09651775,24.4969182,19.59300041,91.90299988,29.20000076,2014-04-17
26.09651775,24.4969182,19.59300041,91.90299988,29.29999924,2014-04-17
26.10123424,24.50531114,19.59300041,91.90299988,29.20000076,2014-04-17
26.10123424,24.50531114,19.59300041,91.90299988,29.20000076,2014-04-17
26.10123424,24.50531114,19.59300041,91.90299988,29.29999924,2014-04-17
26.09651775,24.4969182,19.59300041,91.90299988,29.20000076,2014-04-17
26.09651775,24.4969182,19.59300041,91.90299988,29.20000076,2014-04-17
26.09651775,24.4969182,19.59300041,91.90299988,29.29999924,2014-04-17
26.10123424,24.50531114,19.59300041,91.90299988,29.20000076,2014-04-17
26.10123424,24.50531114,19.59300041,91.90299988,29.20000076,2014-04-17
26.10123424,24.50531114,19.59300041,91.90299988,29.29999924,2014-04-17
26.09651775,24.4969182,19.59300041,91.90299988,29.20000076,2014-04-17
26.09651775,24.4969182,19.59300041,91.90299988,29.20000076,2014-04-17
26.09651775,24.4969182,19.59300041,91.90299988,29.29999924,2014-04-17
26.07057371,24.36816164,19.59399986,91.90499878,29.10000038,2014-04-17
26.07057371,24.36816164,19.59399986,91.90499878,29.10000038,2014-04-17
26.05877908,24.37376228,19.59399986,91.90499878,29.10000038,2014-04-17
26.05877908,24.37376228,19.59399986,91.90499878,29.10000038,2014-04-17
26.07057371,24.36816164,19.59399986,91.90499878,29.10000038,2014-04-17
26.07057371,24.36816164,19.59399986,91.90499878,29.10000038,2014-04-17
26.05877908,24.37376228,19.59399986,91.90499878,29.10000038,2014-04-17
26.05877908,24.37376228,19.59399986,91.90499878,29.10000038,2014-04-17
25.34656832,23.66626,19.61599922,91.92299652,28.89999962,2014-04-17
25.34656832,23.66626,19.61599922,91.92299652,29,2014-04-17
25.34656832,23.66626,19.61599922,91.92299652,29,2014-04-17
25.34656832,23.66626,19.61599922,91.92299652,29,2014-04-17
25.47465682,23.85472563,19.61599922,91.92299652,28.89999962,2014-04-17
25.47465682,23.85472563,19.61599922,91.92299652,29,2014-04-17
25.47465682,23.85472563,19.61599922,91.92299652,29,2014-04-17
25.47465682,23.85472563,19.61599922,91.92299652,29,2014-04-17
25.34656832,23.66626,19.61599922,91.92299652,28.89999962,2014-04-17
25.34656832,23.66626,19.61599922,91.92299652,29,2014-04-17
25.34656832,23.66626,19.61599922,91.92299652,29,2014-04-17
25.34656832,23.66626,19.61599922,91.92299652,29,2014-04-17
25.47465682,23.85472563,19.61599922,91.92299652,28.89999962,2014-04-17
25.47465682,23.85472563,19.61599922,91.92299652,29,2014-04-17
25.47465682,23.85472563,19.61599922,91.92299652,29,2014-04-17
25.47465682,23.85472563,19.61599922,91.92299652,29,2014-04-17
25.34656832,23.66626,19.61599922,91.92299652,28.89999962,2014-04-17
25.34656832,23.66626,19.61599922,91.92299652,29,2014-04-17
25.34656832,23.66626,19.61599922,91.92299652,29,2014-04-17
25.34656832,23.66626,19.61599922,91.92299652,29,2014-04-17
25.47465682,23.85472563,19.61599922,91.92299652,28.89999962,2014-04-17
25.47465682,23.85472563,19.61599922,91.92299652,29,2014-04-17
25.47465682,23.85472563,19.61599922,91.92299652,29,2014-04-17
25.47465682,23.85472563,19.61599922,91.92299652,29,2014-04-17
25.34656832,23.66626,19.61599922,91.92299652,28.89999962,2014-04-17
25.34656832,23.66626,19.61599922,91.92299652,29,2014-04-17
25.34656832,23.66626,19.61599922,91.92299652,29,2014-04-17
25.34656832,23.66626,19.61599922,91.92299652,29,2014-04-17
25.47465682,23.85472563,19.61599922,91.92299652,28.89999962,2014-04-17
25.47465682,23.85472563,19.61599922,91.92299652,29,2014-04-17
25.47465682,23.85472563,19.61599922,91.92299652,29,2014-04-17
25.47465682,23.85472563,19.61599922,91.92299652,29,2014-04-17
26.02810756,24.34855759,19.62999916,91.92099762,28.89999962,2014-04-17
26.04226463,24.35695967,19.62999916,91.92099762,28.89999962,2014-04-17
26.15310326,24.35415904,19.63500023,91.9240036,28.89999962,2014-04-17
26.12717159,24.37096199,19.63500023,91.9240036,28.89999962,2014-04-17
24.58226085,22.51287871,17.93300056,93.91000366,30,2014-04-26
24.58226085,22.51287871,17.93300056,93.91000366,30,2014-04-26
24.58226085,22.51287871,17.93300056,93.91000366,30.10000038,2014-04-26
24.58226085,22.51287871,17.93300056,93.91000366,30.20000076,2014-04-26
24.58226085,22.51287871,17.93300056,93.91000366,30.39999962,2014-04-26
24.54642348,22.48164536,17.93300056,93.91000366,30,2014-04-26
24.54642348,22.48164536,17.93300056,93.91000366,30,2014-04-26
24.54642348,22.48164536,17.93300056,93.91000366,30.10000038,2014-04-26
24.54642348,22.48164536,17.93300056,93.91000366,30.20000076,2014-04-26
24.54642348,22.48164536,17.93300056,93.91000366,30.39999962,2014-04-26
24.58226085,22.51287871,17.93300056,93.91000366,30,2014-04-26
24.58226085,22.51287871,17.93300056,93.91000366,30,2014-04-26
24.58226085,22.51287871,17.93300056,93.91000366,30.10000038,2014-04-26
24.58226085,22.51287871,17.93300056,93.91000366,30.20000076,2014-04-26
24.58226085,22.51287871,17.93300056,93.91000366,30.39999962,2014-04-26
24.54642348,22.48164536,17.93300056,93.91000366,30,2014-04-26
24.54642348,22.48164536,17.93300056,93.91000366,30,2014-04-26
24.54642348,22.48164536,17.93300056,93.91000366,30.10000038,2014-04-26
24.54642348,22.48164536,17.93300056,93.91000366,30.20000076,2014-04-26
24.54642348,22.48164536,17.93300056,93.91000366,30.39999962,2014-04-26
24.58226085,22.51287871,17.93300056,93.91000366,30,2014-04-26
24.58226085,22.51287871,17.93300056,93.91000366,30,2014-04-26
24.58226085,22.51287871,17.93300056,93.91000366,30.10000038,2014-04-26
24.58226085,22.51287871,17.93300056,93.91000366,30.20000076,2014-04-26
24.58226085,22.51287871,17.93300056,93.91000366,30.39999962,2014-04-26
24.54642348,22.48164536,17.93300056,93.91000366,30,2014-04-26
24.54642348,22.48164536,17.93300056,93.91000366,30,2014-04-26
24.54642348,22.48164536,17.93300056,93.91000366,30.10000038,2014-04-26
24.54642348,22.48164536,17.93300056,93.91000366,30.20000076,2014-04-26
24.54642348,22.48164536,17.93300056,93.91000366,30.39999962,2014-04-26
24.58226085,22.51287871,17.93300056,93.91000366,30,2014-04-26
24.58226085,22.51287871,17.93300056,93.91000366,30,2014-04-26
24.58226085,22.51287871,17.93300056,93.91000366,30.10000038,2014-04-26
24.58226085,22.51287871,17.93300056,93.91000366,30.20000076,2014-04-26
24.58226085,22.51287871,17.93300056,93.91000366,30.39999962,2014-04-26
24.54642348,22.48164536,17.93300056,93.91000366,30,2014-04-26
24.54642348,22.48164536,17.93300056,93.91000366,30,2014-04-26
24.54642348,22.48164536,17.93300056,93.91000366,30.10000038,2014-04-26
24.54642348,22.48164536,17.93300056,93.91000366,30.20000076,2014-04-26
24.54642348,22.48164536,17.93300056,93.91000366,30.39999962,2014-04-26
24.58226085,22.51287871,17.93300056,93.91000366,30,2014-04-26
24.58226085,22.51287871,17.93300056,93.91000366,30,2014-04-26
24.58226085,22.51287871,17.93300056,93.91000366,30.10000038,2014-04-26
24.58226085,22.51287871,17.93300056,93.91000366,30.20000076,2014-04-26
24.58226085,22.51287871,17.93300056,93.91000366,30.39999962,2014-04-26
24.54642348,22.48164536,17.93300056,93.91000366,30,2014-04-26
24.54642348,22.48164536,17.93300056,93.91000366,30,2014-04-26
24.54642348,22.48164536,17.93300056,93.91000366,30.10000038,2014-04-26
24.54642348,22.48164536,17.93300056,93.91000366,30.20000076,2014-04-26
24.54642348,22.48164536,17.93300056,93.91000366,30.39999962,2014-04-26
25.5789225,23.21795288,17.93899918,93.8789978,30,2014-04-26
25.5789225,23.21230432,17.93899918,93.8789978,30,2014-04-26
25.5789225,23.24619217,17.93700027,93.88600159,30.60000038,2014-04-26
25.5789225,23.24619217,17.93700027,93.88600159,30.70000076,2014-04-26
25.5789225,23.24619217,17.93700027,93.88600159,30.70000076,2014-04-26
25.5789225,23.24619217,17.93700027,93.88600159,30.60000038,2014-04-26
25.5789225,23.24619217,17.93700027,93.88600159,30.70000076,2014-04-26
25.5789225,23.24619217,17.93700027,93.88600159,30.70000076,2014-04-26
25.5789225,23.24619217,17.93700027,93.88600159,30.60000038,2014-04-26
25.5789225,23.24619217,17.93700027,93.88600159,30.70000076,2014-04-26
25.5789225,23.24619217,17.93700027,93.88600159,30.70000076,2014-04-26
25.5789225,23.24619217,17.93700027,93.88600159,30.60000038,2014-04-26
25.5789225,23.24619217,17.93700027,93.88600159,30.70000076,2014-04-26
25.5789225,23.24619217,17.93700027,93.88600159,30.70000076,2014-04-26
25.5789225,23.24619217,17.93700027,93.88600159,30.60000038,2014-04-26
25.5789225,23.24619217,17.93700027,93.88600159,30.70000076,2014-04-26
25.5789225,23.24619217,17.93700027,93.88600159,30.70000076,2014-04-26
25.5789225,23.24619217,17.93700027,93.88600159,30.60000038,2014-04-26
25.5789225,23.24619217,17.93700027,93.88600159,30.70000076,2014-04-26
25.5789225,23.24619217,17.93700027,93.88600159,30.70000076,2014-04-26
24.7946707,22.47596579,17.93499947,93.86799622,30.20000076,2014-04-26
24.7946707,22.47596579,17.93499947,93.86799622,30.20000076,2014-04-26
24.7946707,22.47596579,17.93499947,93.86799622,30.20000076,2014-04-26
24.7946707,22.47596579,17.93499947,93.86799622,30.20000076,2014-04-26
24.7946707,22.47596579,17.93499947,93.86799622,30.39999962,2014-04-26
24.79228621,22.46744598,17.93499947,93.86799622,30.20000076,2014-04-26
24.79228621,22.46744598,17.93499947,93.86799622,30.20000076,2014-04-26
24.79228621,22.46744598,17.93499947,93.86799622,30.20000076,2014-04-26
24.79228621,22.46744598,17.93499947,93.86799622,30.20000076,2014-04-26
24.79228621,22.46744598,17.93499947,93.86799622,30.39999962,2014-04-26
24.7946707,22.47596579,17.93499947,93.86799622,30.20000076,2014-04-26
24.7946707,22.47596579,17.93499947,93.86799622,30.20000076,2014-04-26
24.7946707,22.47596579,17.93499947,93.86799622,30.20000076,2014-04-26
24.7946707,22.47596579,17.93499947,93.86799622,30.20000076,2014-04-26
24.7946707,22.47596579,17.93499947,93.86799622,30.39999962,2014-04-26
24.79228621,22.46744598,17.93499947,93.86799622,30.20000076,2014-04-26
24.79228621,22.46744598,17.93499947,93.86799622,30.20000076,2014-04-26
24.79228621,22.46744598,17.93499947,93.86799622,30.20000076,2014-04-26
24.79228621,22.46744598,17.93499947,93.86799622,30.20000076,2014-04-26
24.79228621,22.46744598,17.93499947,93.86799622,30.39999962,2014-04-26
24.7946707,22.47596579,17.93499947,93.86799622,30.20000076,2014-04-26
24.7946707,22.47596579,17.93499947,93.86799622,30.20000076,2014-04-26
24.7946707,22.47596579,17.93499947,93.86799622,30.20000076,2014-04-26
24.7946707,22.47596579,17.93499947,93.86799622,30.20000076,2014-04-26
24.7946707,22.47596579,17.93499947,93.86799622,30.39999962,2014-04-26
24.79228621,22.46744598,17.93499947,93.86799622,30.20000076,2014-04-26
24.79228621,22.46744598,17.93499947,93.86799622,30.20000076,2014-04-26
24.79228621,22.46744598,17.93499947,93.86799622,30.20000076,2014-04-26
24.79228621,22.46744598,17.93499947,93.86799622,30.20000076,2014-04-26
24.79228621,22.46744598,17.93499947,93.86799622,30.39999962,2014-04-26
24.7946707,22.47596579,17.93499947,93.86799622,30.20000076,2014-04-26
24.7946707,22.47596579,17.93499947,93.86799622,30.20000076,2014-04-26
24.7946707,22.47596579,17.93499947,93.86799622,30.20000076,2014-04-26
24.7946707,22.47596579,17.93499947,93.86799622,30.20000076,2014-04-26
24.7946707,22.47596579,17.93499947,93.86799622,30.39999962,2014-04-26
24.79228621,22.46744598,17.93499947,93.86799622,30.20000076,2014-04-26
24.79228621,22.46744598,17.93499947,93.86799622,30.20000076,2014-04-26
24.79228621,22.46744598,17.93499947,93.86799622,30.20000076,2014-04-26
24.79228621,22.46744598,17.93499947,93.86799622,30.20000076,2014-04-26
24.79228621,22.46744598,17.93499947,93.86799622,30.39999962,2014-04-26
24.7946707,22.47596579,17.93499947,93.86799622,30.20000076,2014-04-26
24.7946707,22.47596579,17.93499947,93.86799622,30.20000076,2014-04-26
24.7946707,22.47596579,17.93499947,93.86799622,30.20000076,2014-04-26
24.7946707,22.47596579,17.93499947,93.86799622,30.20000076,2014-04-26
24.7946707,22.47596579,17.93499947,93.86799622,30.39999962,2014-04-26
24.79228621,22.46744598,17.93499947,93.86799622,30.20000076,2014-04-26
24.79228621,22.46744598,17.93499947,93.86799622,30.20000076,2014-04-26
24.79228621,22.46744598,17.93499947,93.86799622,30.20000076,2014-04-26
24.79228621,22.46744598,17.93499947,93.86799622,30.20000076,2014-04-26
24.79228621,22.46744598,17.93499947,93.86799622,30.39999962,2014-04-26
25.33232767,22.90692983,17.92900085,93.86100006,30.20000076,2014-04-26
25.33232767,22.90692983,17.92900085,93.86100006,30.20000076,2014-04-26
25.33232767,22.90409905,17.92900085,93.86100006,30.20000076,2014-04-26
25.33232767,22.90409905,17.92900085,93.86100006,30.20000076,2014-04-26
25.33232767,22.90692983,17.92900085,93.86100006,30.20000076,2014-04-26
25.33232767,22.90692983,17.92900085,93.86100006,30.20000076,2014-04-26
25.33232767,22.90409905,17.92900085,93.86100006,30.20000076,2014-04-26
25.33232767,22.90409905,17.92900085,93.86100006,30.20000076,2014-04-26
25.39402473,22.9154218,17.92499924,93.85199738,30.10000038,2014-04-26
25.39402473,22.9154218,17.92499924,93.85199738,30.20000076,2014-04-26
25.39402473,22.9154218,17.92499924,93.85199738,30.10000038,2014-04-26
25.39402473,22.9154218,17.92499924,93.85199738,30.20000076,2014-04-26
25.39402473,22.9154218,17.92499924,93.85199738,30.10000038,2014-04-26
25.39402473,22.9154218,17.92499924,93.85199738,30.20000076,2014-04-26
25.39402473,22.9154218,17.92499924,93.85199738,30.10000038,2014-04-26
25.39402473,22.9154218,17.92499924,93.85199738,30.20000076,2014-04-26
24.11791409,22.03221526,17.91399956,93.83699799,30.10000038,2014-04-26
24.11791409,22.03221526,17.91399956,93.83699799,30.10000038,2014-04-26
24.09152973,22.00086951,17.91399956,93.83699799,30.10000038,2014-04-26
24.09152973,22.00086951,17.91399956,93.83699799,30.10000038,2014-04-26
24.11791409,22.03221526,17.91399956,93.83699799,30.10000038,2014-04-26
24.11791409,22.03221526,17.91399956,93.83699799,30.10000038,2014-04-26
24.09152973,22.00086951,17.91399956,93.83699799,30.10000038,2014-04-26
24.09152973,22.00086951,17.91399956,93.83699799,30.10000038,2014-04-26
25.30858943,22.83614248,17.9109993,93.82499695,30.10000038,2014-04-26
25.30858943,22.83614248,17.9109993,93.82499695,30.10000038,2014-04-26
25.30858943,22.83614248,17.9109993,93.82499695,30.10000038,2014-04-26
25.30858943,22.83614248,17.9109993,93.82499695,30.10000038,2014-04-26
23.79609686,21.8212018,17.90999985,93.81900024,30.10000038,2014-04-26
17.5688376,11.91398736,18.78499985,92.65499878,31.29999924,2014-05-19
17.5688376,11.91398736,18.78499985,92.65499878,31.29999924,2014-05-19
17.5688376,11.91398736,18.78499985,92.65499878,31.39999962,2014-05-19
17.5688376,11.91398736,18.78499985,92.65499878,31.60000038,2014-05-19
17.5688376,11.91398736,18.78499985,92.65499878,31.29999924,2014-05-19
17.5688376,11.91398736,18.78499985,92.65499878,31.29999924,2014-05-19
17.5688376,11.91398736,18.78499985,92.65499878,31.39999962,2014-05-19
17.5688376,11.91398736,18.78499985,92.65499878,31.60000038,2014-05-19
17.5688376,11.91398736,18.78499985,92.65499878,31.29999924,2014-05-19
17.5688376,11.91398736,18.78499985,92.65499878,31.29999924,2014-05-19
17.5688376,11.91398736,18.78499985,92.65499878,31.39999962,2014-05-19
17.5688376,11.91398736,18.78499985,92.65499878,31.60000038,2014-05-19
17.5688376,11.91398736,18.78499985,92.65499878,31.29999924,2014-05-19
17.5688376,11.91398736,18.78499985,92.65499878,31.29999924,2014-05-19
17.5688376,11.91398736,18.78499985,92.65499878,31.39999962,2014-05-19
17.5688376,11.91398736,18.78499985,92.65499878,31.60000038,2014-05-19
14.19860797,8.055725051,18.78300095,92.6289978,32,2014-05-19
17.63488555,12.10508005,18.78800011,92.5719986,31.5,2014-05-19
17.63488555,12.10508005,18.78800011,92.5719986,31.5,2014-05-19
17.63488555,12.10508005,18.78800011,92.5719986,31.5,2014-05-19
17.63488555,12.10508005,18.78800011,92.5719986,31.70000076,2014-05-19
17.63488555,12.10508005,18.78800011,92.5719986,31.5,2014-05-19
17.63488555,12.10508005,18.78800011,92.5719986,31.5,2014-05-19
17.63488555,12.10508005,18.78800011,92.5719986,31.5,2014-05-19
17.63488555,12.10508005,18.78800011,92.5719986,31.70000076,2014-05-19
17.63488555,12.10508005,18.78800011,92.5719986,31.5,2014-05-19
17.63488555,12.10508005,18.78800011,92.5719986,31.5,2014-05-19
17.63488555,12.10508005,18.78800011,92.5719986,31.5,2014-05-19
17.63488555,12.10508005,18.78800011,92.5719986,31.70000076,2014-05-19
17.63488555,12.10508005,18.78800011,92.5719986,31.5,2014-05-19
17.63488555,12.10508005,18.78800011,92.5719986,31.5,2014-05-19
17.63488555,12.10508005,18.78800011,92.5719986,31.5,2014-05-19
17.63488555,12.10508005,18.78800011,92.5719986,31.70000076,2014-05-19
12.60874311,6.729388495,18.79999924,92.57800293,31.39999962,2014-05-19
12.60874311,6.729388495,18.79999924,92.57800293,31.5,2014-05-19
12.60874311,6.729388495,18.79999924,92.57800293,31.39999962,2014-05-19
12.60874311,6.729388495,18.79999924,92.57800293,31.5,2014-05-19
9.749348187,6.664930513,18.79899979,92.55599976,31.29999924,2014-05-19
9.749348187,6.664930513,18.79899979,92.55599976,31.29999924,2014-05-19
9.749348187,6.664930513,18.79899979,92.55599976,31.29999924,2014-05-19
9.749348187,6.664930513,18.79899979,92.55599976,31.29999924,2014-05-19
9.749348187,6.664930513,18.79899979,92.55599976,31.29999924,2014-05-19
9.749348187,6.664930513,18.79899979,92.55599976,31.29999924,2014-05-19
9.749348187,6.664930513,18.79899979,92.55599976,31.29999924,2014-05-19
9.749348187,6.664930513,18.79899979,92.55599976,31.29999924,2014-05-19
9.749348187,6.664930513,18.79899979,92.55599976,31.29999924,2014-05-19
7.612823998,5.041674911,18.80400085,92.55200195,31.29999924,2014-05-19
10.45804242,6.967572524,18.79599953,92.53399658,31.20000076,2014-05-19
10.45804242,6.967572524,18.79599953,92.53399658,31.20000076,2014-05-19
10.45804242,6.967572524,18.79599953,92.53399658,31.29999924,2014-05-19
10.45804242,6.967572524,18.79599953,92.53399658,31.20000076,2014-05-19
10.45804242,6.967572524,18.79599953,92.53399658,31.20000076,2014-05-19
10.45804242,6.967572524,18.79599953,92.53399658,31.29999924,2014-05-19
10.45804242,6.967572524,18.79599953,92.53399658,31.20000076,2014-05-19
10.45804242,6.967572524,18.79599953,92.53399658,31.20000076,2014-05-19
10.45804242,6.967572524,18.79599953,92.53399658,31.29999924,2014-05-19
11.0296186,7.092905969,18.79500008,92.53500366,31.20000076,2014-05-19
11.0296186,7.092905969,18.79500008,92.53500366,31.20000076,2014-05-19
11.0296186,7.092905969,18.79500008,92.53500366,31.20000076,2014-05-19
11.0296186,7.092905969,18.79500008,92.53500366,31.29999924,2014-05-20
11.0296186,7.092905969,18.79500008,92.53500366,31.39999962,2014-05-20
11.0296186,7.092905969,18.79500008,92.53500366,31.5,2014-05-20
11.0296186,7.092905969,18.79500008,92.53500366,31.5,2014-05-20
11.0296186,7.092905969,18.79500008,92.53500366,31.20000076,2014-05-19
11.0296186,7.092905969,18.79500008,92.53500366,31.20000076,2014-05-19
11.0296186,7.092905969,18.79500008,92.53500366,31.20000076,2014-05-19
11.0296186,7.092905969,18.79500008,92.53500366,31.29999924,2014-05-20
11.0296186,7.092905969,18.79500008,92.53500366,31.39999962,2014-05-20
11.0296186,7.092905969,18.79500008,92.53500366,31.5,2014-05-20
11.0296186,7.092905969,18.79500008,92.53500366,31.5,2014-05-20
11.0296186,7.092905969,18.79500008,92.53500366,31.20000076,2014-05-19
11.0296186,7.092905969,18.79500008,92.53500366,31.20000076,2014-05-19
11.0296186,7.092905969,18.79500008,92.53500366,31.20000076,2014-05-19
11.0296186,7.092905969,18.79500008,92.53500366,31.29999924,2014-05-20
11.0296186,7.092905969,18.79500008,92.53500366,31.39999962,2014-05-20
11.0296186,7.092905969,18.79500008,92.53500366,31.5,2014-05-20
11.0296186,7.092905969,18.79500008,92.53500366,31.5,2014-05-20
7.277066757,2.519147964,16.8010006,85.10900116,30.70000076,2014-05-22
-1.721264828,-6.56017901,16.80800056,85.11299896,30.70000076,2014-05-22
-1.721264828,-6.56017901,16.80800056,85.11299896,30.70000076,2014-05-22
-1.721264828,-6.56017901,16.80800056,85.11299896,30.70000076,2014-05-22
-1.721264828,-6.56017901,16.80800056,85.11299896,30.70000076,2014-05-22
0.5436897975,-0.5075819415,16.83300018,85.15599823,30.70000076,2014-05-22
19.07052617,14.9123316,19.85899925,91.34500122,30.60000038,2014-05-26
19.07052617,14.9123316,19.85899925,91.34500122,30.60000038,2014-05-26
19.07052617,14.9123316,19.85899925,91.34500122,30.60000038,2014-05-26
19.07052617,14.9123316,19.85899925,91.34500122,30.70000076,2014-05-26
19.07052617,14.9123316,19.85899925,91.34500122,30.70000076,2014-05-26
19.07052617,14.9123316,19.85899925,91.34500122,30.60000038,2014-05-26
19.07052617,14.9123316,19.85899925,91.34500122,30.60000038,2014-05-26
19.07052617,14.9123316,19.85899925,91.34500122,30.60000038,2014-05-26
19.07052617,14.9123316,19.85899925,91.34500122,30.70000076,2014-05-26
19.07052617,14.9123316,19.85899925,91.34500122,30.70000076,2014-05-26
19.07052617,14.9123316,19.85899925,91.34500122,30.60000038,2014-05-26
19.07052617,14.9123316,19.85899925,91.34500122,30.60000038,2014-05-26
19.07052617,14.9123316,19.85899925,91.34500122,30.60000038,2014-05-26
19.07052617,14.9123316,19.85899925,91.34500122,30.70000076,2014-05-26
19.07052617,14.9123316,19.85899925,91.34500122,30.70000076,2014-05-26
19.07052617,14.9123316,19.85899925,91.34500122,30.60000038,2014-05-26
19.07052617,14.9123316,19.85899925,91.34500122,30.60000038,2014-05-26
19.07052617,14.9123316,19.85899925,91.34500122,30.60000038,2014-05-26
19.07052617,14.9123316,19.85899925,91.34500122,30.70000076,2014-05-26
19.07052617,14.9123316,19.85899925,91.34500122,30.70000076,2014-05-26
19.07052617,14.9123316,19.85899925,91.34500122,30.60000038,2014-05-26
19.07052617,14.9123316,19.85899925,91.34500122,30.60000038,2014-05-26
19.07052617,14.9123316,19.85899925,91.34500122,30.60000038,2014-05-26
19.07052617,14.9123316,19.85899925,91.34500122,30.70000076,2014-05-26
19.07052617,14.9123316,19.85899925,91.34500122,30.70000076,2014-05-26
20.40372447,16.35809777,19.95000076,91.2440033,30.89999962,2014-05-26
20.40372447,16.35809777,19.95000076,91.2440033,31,2014-05-26
20.40372447,16.35809777,19.95000076,91.2440033,30.89999962,2014-05-26
20.40372447,16.35809777,19.95000076,91.2440033,31,2014-05-26
19.84247267,15.94372358,19.96800041,91.19400024,30.89999962,2014-05-26
19.84247267,15.94372358,19.96800041,91.19400024,31,2014-05-26
19.84247267,15.94372358,19.96800041,91.19400024,30.89999962,2014-05-26
19.84247267,15.94372358,19.96800041,91.19400024,31,2014-05-26
20.98931079,17.15323936,19.99600029,91.13700104,30.79999924,2014-05-26
20.98931079,17.15323936,19.99600029,91.13700104,30.79999924,2014-05-26
20.98931079,17.15323936,19.99600029,91.13700104,30.79999924,2014-05-26
20.98931079,17.15323936,19.99600029,91.13700104,30.79999924,2014-05-26
20.98931079,17.15323936,19.99600029,91.13700104,30.79999924,2014-05-26
20.98931079,17.15323936,19.99600029,91.13700104,30.79999924,2014-05-26
20.98931079,17.15323936,19.99600029,91.13700104,30.79999924,2014-05-26
20.98931079,17.15323936,19.99600029,91.13700104,30.79999924,2014-05-26
20.98931079,17.15323936,19.99600029,91.13700104,30.79999924,2014-05-26
21.83882948,17.79640277,20.0529995,91.06300354,30.79999924,2014-05-26
21.9561835,18.34848414,20.10700035,90.99700165,30.70000076,2014-05-26
21.9561835,18.34848414,20.10700035,90.99700165,30.70000076,2014-05-26
21.9561835,18.34848414,20.10700035,90.99700165,30.70000076,2014-05-26
21.9561835,18.34848414,20.10700035,90.99700165,30.70000076,2014-05-26
21.3313537,17.52536947,20.1609993,90.9489975,30.70000076,2014-05-26
21.27728594,17.52536947,20.18300056,90.93499756,30.70000076,2014-05-26
19.16574601,14.96651024,20.15699959,91.08200073,31.10000038,2014-11-06
19.16574601,14.96651024,20.15699959,91.08200073,31.10000038,2014-11-06
19.16574601,14.96651024,20.15699959,91.08200073,31.10000038,2014-11-06
19.16574601,14.96651024,20.15699959,91.08200073,31.20000076,2014-11-06
19.16574601,14.96651024,20.15699959,91.08200073,31.10000038,2014-11-06
19.16574601,14.96651024,20.15699959,91.08200073,31.10000038,2014-11-06
19.16574601,14.96651024,20.15699959,91.08200073,31.10000038,2014-11-06
19.16574601,14.96651024,20.15699959,91.08200073,31.20000076,2014-11-06
19.16574601,14.96651024,20.15699959,91.08200073,31.10000038,2014-11-06
19.16574601,14.96651024,20.15699959,91.08200073,31.10000038,2014-11-06
19.16574601,14.96651024,20.15699959,91.08200073,31.10000038,2014-11-06
19.16574601,14.96651024,20.15699959,91.08200073,31.20000076,2014-11-06
19.16574601,14.96651024,20.15699959,91.08200073,31.10000038,2014-11-06
19.16574601,14.96651024,20.15699959,91.08200073,31.10000038,2014-11-06
19.16574601,14.96651024,20.15699959,91.08200073,31.10000038,2014-11-06
19.16574601,14.96651024,20.15699959,91.08200073,31.20000076,2014-11-06
17.4773211,13.65968467,20.19400024,91.04599762,31.39999962,2014-11-06
14.83891005,11.68551585,20.19799995,91.00299835,31.5,2014-11-06
14.83891005,11.68551585,20.19799995,91.00299835,31.60000038,2014-11-06
14.83891005,11.68551585,20.19799995,91.00299835,31.70000076,2014-11-06
14.83891005,11.68551585,20.19799995,91.00299835,31.5,2014-11-06
14.83891005,11.68551585,20.19799995,91.00299835,31.60000038,2014-11-06
14.83891005,11.68551585,20.19799995,91.00299835,31.70000076,2014-11-06
14.83891005,11.68551585,20.19799995,91.00299835,31.5,2014-11-06
14.83891005,11.68551585,20.19799995,91.00299835,31.60000038,2014-11-06
14.83891005,11.68551585,20.19799995,91.00299835,31.70000076,2014-11-06
19.11313456,15.16796961,20.24300003,90.94999695,31.5,2014-11-06
19.11313456,15.16796961,20.24300003,90.94999695,31.5,2014-11-06
19.11313456,15.16796961,20.24300003,90.94999695,31.5,2014-11-06
19.11313456,15.16796961,20.24300003,90.94999695,31.5,2014-11-06
19.11313456,15.16796961,20.24300003,90.94999695,31.5,2014-11-06
19.11313456,15.16796961,20.24300003,90.94999695,31.5,2014-11-06
19.11313456,15.16796961,20.24300003,90.94999695,31.5,2014-11-06
19.11313456,15.16796961,20.24300003,90.94999695,31.5,2014-11-06
19.11313456,15.16796961,20.24300003,90.94999695,31.5,2014-11-06
15.33285467,12.15434573,20.27099991,90.92299652,31.20000076,2014-11-06
15.33285467,12.15434573,20.27099991,90.92299652,31.20000076,2014-11-06
15.33285467,12.15434573,20.27099991,90.92299652,31.29999924,2014-11-06
15.33285467,12.15434573,20.27099991,90.92299652,31.29999924,2014-11-06
15.33285467,12.15434573,20.27099991,90.92299652,31.29999924,2014-11-06
15.33285467,12.15434573,20.27099991,90.92299652,31.39999962,2014-11-06
15.33285467,12.15434573,20.27099991,90.92299652,31.20000076,2014-11-06
15.33285467,12.15434573,20.27099991,90.92299652,31.20000076,2014-11-06
15.33285467,12.15434573,20.27099991,90.92299652,31.29999924,2014-11-06
15.33285467,12.15434573,20.27099991,90.92299652,31.29999924,2014-11-06
15.33285467,12.15434573,20.27099991,90.92299652,31.29999924,2014-11-06
15.33285467,12.15434573,20.27099991,90.92299652,31.39999962,2014-11-06
15.33285467,12.15434573,20.27099991,90.92299652,31.20000076,2014-11-06
15.33285467,12.15434573,20.27099991,90.92299652,31.20000076,2014-11-06
15.33285467,12.15434573,20.27099991,90.92299652,31.29999924,2014-11-06
15.33285467,12.15434573,20.27099991,90.92299652,31.29999924,2014-11-06
15.33285467,12.15434573,20.27099991,90.92299652,31.29999924,2014-11-06
15.33285467,12.15434573,20.27099991,90.92299652,31.39999962,2014-11-06
15.33285467,12.15434573,20.27099991,90.92299652,31.20000076,2014-11-06
15.33285467,12.15434573,20.27099991,90.92299652,31.20000076,2014-11-06
15.33285467,12.15434573,20.27099991,90.92299652,31.29999924,2014-11-06
15.33285467,12.15434573,20.27099991,90.92299652,31.29999924,2014-11-06
15.33285467,12.15434573,20.27099991,90.92299652,31.29999924,2014-11-06
15.33285467,12.15434573,20.27099991,90.92299652,31.39999962,2014-11-06
15.33285467,12.15434573,20.27099991,90.92299652,31.20000076,2014-11-06
15.33285467,12.15434573,20.27099991,90.92299652,31.20000076,2014-11-06
15.33285467,12.15434573,20.27099991,90.92299652,31.29999924,2014-11-06
15.33285467,12.15434573,20.27099991,90.92299652,31.29999924,2014-11-06
15.33285467,12.15434573,20.27099991,90.92299652,31.29999924,2014-11-06
15.33285467,12.15434573,20.27099991,90.92299652,31.39999962,2014-11-06
15.33285467,12.15434573,20.27099991,90.92299652,31.20000076,2014-11-06
15.33285467,12.15434573,20.27099991,90.92299652,31.20000076,2014-11-06
15.33285467,12.15434573,20.27099991,90.92299652,31.29999924,2014-11-06
15.33285467,12.15434573,20.27099991,90.92299652,31.29999924,2014-11-06
15.33285467,12.15434573,20.27099991,90.92299652,31.29999924,2014-11-06
15.33285467,12.15434573,20.27099991,90.92299652,31.39999962,2014-11-06
19.32843402,15.19200285,20.32600021,90.80899811,31.20000076,2014-11-06
19.32843402,15.19200285,20.32600021,90.80899811,31.20000076,2014-11-06
19.32843402,15.19200285,20.32600021,90.80899811,31.20000076,2014-11-06
19.32843402,15.19200285,20.32600021,90.80899811,31.20000076,2014-11-06
13.30096713,10.59903521,18.20899963,85.16100311,30.60000038,2014-06-22
13.30096713,10.59903521,18.20899963,85.16100311,30.60000038,2014-06-23
9.858696508,6.577855397,18.1989994,85.14800262,30.60000038,2014-06-23
9.858696508,6.577855397,18.1989994,85.14800262,30.60000038,2014-06-23
9.858696508,6.577855397,18.1989994,85.14800262,30.60000038,2014-06-23
9.858696508,6.577855397,18.1989994,85.14800262,30.60000038,2014-06-23
9.28056375,4.474634268,18.18099976,85.14800262,30.60000038,2014-06-23
10.50964097,6.658482746,18.16900063,85.14499664,30.60000038,2014-06-23
13.38288499,8.071652128,18.17700005,85.13400269,30.60000038,2014-06-23
13.38288499,8.071652128,18.17700005,85.13400269,30.70000076,2014-06-23
13.38288499,8.071652128,18.17700005,85.13400269,30.60000038,2014-06-23
13.38288499,8.071652128,18.17700005,85.13400269,30.70000076,2014-06-23
16.67840253,12.9980148,18.14100075,85.13600159,30.70000076,2014-06-23
16.67840253,12.9980148,18.14100075,85.13600159,30.70000076,2014-06-23
16.67840253,12.9980148,18.14100075,85.13600159,30.70000076,2014-06-23
16.67840253,12.9980148,18.14100075,85.13600159,30.70000076,2014-06-23
15.69020118,12.47101897,18.12999916,85.13500214,30.79999924,2014-06-23
14.20909271,10.89801465,18.11700058,85.12599945,30.79999924,2014-06-23
14.20909271,10.89801465,18.11700058,85.12599945,30.79999924,2014-06-23
14.20909271,10.89801465,18.11700058,85.12599945,30.79999924,2014-06-23
14.20909271,10.89801465,18.11700058,85.12599945,30.79999924,2014-06-23
11.96817312,8.551637588,18.10899925,85.125,30.70000076,2014-06-23
11.55775513,7.56730867,18.09900093,85.11799622,30.70000076,2014-06-23
11.55237949,7.586500648,18.09900093,85.11799622,30.70000076,2014-06-23
14.83369855,10.74861764,18.07999992,85.09899902,30.70000076,2014-06-23
14.8441213,10.74550323,18.07999992,85.09899902,30.70000076,2014-06-23
15.78581105,11.96024694,18.07299995,85.09200287,30.70000076,2014-06-23
15.78581105,11.96024694,18.07299995,85.09200287,30.70000076,2014-06-23
15.7935595,11.94482903,18.07299995,85.09200287,30.70000076,2014-06-23
15.7935595,11.94482903,18.07299995,85.09200287,30.70000076,2014-06-23
15.78581105,11.96024694,18.07299995,85.09200287,30.70000076,2014-06-23
15.78581105,11.96024694,18.07299995,85.09200287,30.70000076,2014-06-23
15.7935595,11.94482903,18.07299995,85.09200287,30.70000076,2014-06-23
15.7935595,11.94482903,18.07299995,85.09200287,30.70000076,2014-06-23
16.96239242,13.4892703,18.05599976,85.06999969,30.70000076,2014-06-23
16.96239242,13.4892703,18.05599976,85.06999969,30.70000076,2014-06-23
16.95472671,13.46186036,18.05599976,85.06999969,30.70000076,2014-06-23
16.95472671,13.46186036,18.05599976,85.06999969,30.70000076,2014-06-23
16.96239242,13.4892703,18.05599976,85.06999969,30.70000076,2014-06-23
16.96239242,13.4892703,18.05599976,85.06999969,30.70000076,2014-06-23
16.95472671,13.46186036,18.05599976,85.06999969,30.70000076,2014-06-23
16.95472671,13.46186036,18.05599976,85.06999969,30.70000076,2014-06-23
17.24564737,13.52885171,18.05699921,85.06700134,30.70000076,2014-06-23
17.23035499,13.53189591,18.05699921,85.06700134,30.70000076,2014-06-23
17.75925297,13.96038038,18.04700089,85.06300354,30.70000076,2014-06-23
17.77447199,13.96038038,18.04700089,85.06300354,30.70000076,2014-06-23
18.1593222,14.39041408,18.04500008,85.0490036,30.60000038,2014-06-23
18.16437709,14.38134421,18.04500008,85.0490036,30.60000038,2014-06-23
18.19975489,14.42064222,18.04599953,85.0510025,30.60000038,2014-06-23
18.19975489,14.42064222,18.04599953,85.0510025,30.60000038,2014-06-24
18.20733438,14.42366463,18.04599953,85.0510025,30.60000038,2014-06-23
18.20733438,14.42366463,18.04599953,85.0510025,30.60000038,2014-06-24
19.41343812,14.23613638,17.65399933,84.63300323,30.29999924,2014-09-07
19.21082181,14.18466796,17.65200043,84.63800049,30.29999924,2014-09-07
19.32343177,14.24219009,17.62000084,84.66799927,30.29999924,2014-09-07
19.32343177,14.24219009,17.62000084,84.66799927,30.39999962,2014-09-07
19.32343177,14.24219009,17.62000084,84.66799927,30.29999924,2014-09-07
19.32343177,14.24219009,17.62000084,84.66799927,30.39999962,2014-09-07
18.85975116,13.83290157,17.63400078,84.65899658,30.39999962,2014-09-07
18.86226273,13.85415714,17.63299942,84.66799927,30.5,2014-09-07
18.54787562,13.2057404,17.62299919,84.69799805,30.5,2014-09-07
18.54787562,13.2057404,17.62299919,84.69799805,30.5,2014-09-07
18.54787562,13.2057404,17.62299919,84.69799805,30.60000038,2014-09-07
18.54787562,13.2057404,17.62299919,84.69799805,30.5,2014-09-07
18.54787562,13.2057404,17.62299919,84.69799805,30.5,2014-09-07
18.54787562,13.2057404,17.62299919,84.69799805,30.60000038,2014-09-07
18.54787562,13.2057404,17.62299919,84.69799805,30.5,2014-09-07
18.54787562,13.2057404,17.62299919,84.69799805,30.5,2014-09-07
18.54787562,13.2057404,17.62299919,84.69799805,30.60000038,2014-09-07
18.63096026,13.62014511,17.62199974,84.72399902,30.60000038,2014-09-07
18.88235328,13.72656902,17.62100029,84.73100281,30.70000076,2014-09-07
18.8898863,14.09984999,17.63299942,84.75800323,30.60000038,2014-09-07
18.69386182,13.8723733,17.62599945,84.76499939,30.60000038,2014-09-07
18.71649767,13.87540907,17.62599945,84.76300049,30.60000038,2014-09-07
17.35008833,12.66737491,17.62599945,84.80899811,30.5,2014-09-07
17.35008833,12.66737491,17.62599945,84.80899811,30.5,2014-09-07
17.35008833,12.66737491,17.62599945,84.80899811,30.5,2014-09-07
17.35008833,12.66737491,17.62599945,84.80899811,30.5,2014-09-07
17.35008833,12.66737491,17.62599945,84.80899811,30.5,2014-09-07
17.35008833,12.66737491,17.62599945,84.80899811,30.5,2014-09-07
17.35008833,12.66737491,17.62599945,84.80899811,30.5,2014-09-07
17.35008833,12.66737491,17.62599945,84.80899811,30.5,2014-09-07
17.35008833,12.66737491,17.62599945,84.80899811,30.5,2014-09-07
15.8013074,11.45351793,17.61700058,84.82900238,30.5,2014-09-07
15.8013074,11.45351793,17.61700058,84.82900238,30.5,2014-09-07
15.8013074,11.45351793,17.61700058,84.82900238,30.5,2014-09-07
15.8013074,11.45351793,17.61700058,84.82900238,30.5,2014-09-07
14.94048382,10.8949041,17.63500023,84.85900116,30.5,2014-09-07
14.94048382,10.8949041,17.63500023,84.85900116,30.5,2014-09-07
14.94048382,10.8949041,17.63500023,84.85900116,30.5,2014-09-07
14.94048382,10.8949041,17.63500023,84.85900116,30.5,2014-09-07
16.42962495,11.39467465,17.65299988,84.8769989,30.39999962,2014-09-07
16.42962495,11.39467465,17.65299988,84.8769989,30.39999962,2014-09-07
16.42962495,11.39467465,17.65299988,84.8769989,30.39999962,2014-09-07
16.42962495,11.39467465,17.65299988,84.8769989,30.39999962,2014-09-07
15.79097675,10.96953521,17.66300011,84.89199829,30.39999962,2014-09-07
-18.15616682,-16.18142885,19.82500076,93.13700104,24.39999962,2014-08-23
-18.15616682,-16.18142885,19.82500076,93.13700104,26,2014-08-23
-18.15616682,-16.18142885,19.82500076,93.13700104,24.39999962,2014-08-23
-18.15616682,-16.18142885,19.82500076,93.13700104,26,2014-08-23
-17.39837811,-17.45561075,19.82900047,93.13600159,24.10000038,2014-08-15
-17.39837811,-17.45561075,19.82900047,93.13600159,24.79999924,2014-08-15
-17.39837811,-17.45561075,19.82900047,93.13600159,25.39999962,2014-08-15
-17.39837811,-17.45561075,19.82900047,93.13600159,25.70000076,2014-08-15
-17.39837811,-17.45561075,19.82900047,93.13600159,25.89999962,2014-08-17
-17.39837811,-17.45561075,19.82900047,93.13600159,26.29999924,2014-08-23
-17.39837811,-17.45561075,19.82900047,93.13600159,26.5,2014-08-18
-17.39837811,-17.45561075,19.82900047,93.13600159,27.60000038,2014-08-24
-17.39837811,-17.45561075,19.82900047,93.13600159,27.79999924,2014-08-20
-17.39837811,-17.45561075,19.82900047,93.13600159,28.89999962,2014-08-20
-18.88740692,-17.88837761,19.83099937,93.13800049,25,2014-08-17
-18.88740692,-17.88837761,19.83099937,93.13800049,25.79999924,2014-08-23
-21.52380732,-19.76556824,19.82699966,93.13200378,28,2014-08-23
-21.52380732,-19.76556824,19.82699966,93.13200378,31,2014-08-23
-21.52380732,-19.76556824,19.82699966,93.13200378,28,2014-08-23
-21.52380732,-19.76556824,19.82699966,93.13200378,31,2014-08-23
-18.44409913,-17.81474464,19.82999992,93.13600159,25.60000038,2014-08-23
-18.44409913,-17.81474464,19.82999992,93.13600159,27.5,2014-08-14
-14.94828284,-15.28585855,19.82799911,93.14199829,24.79999924,2014-08-23
-14.94828284,-15.28585855,19.82799911,93.14199829,25,2014-08-23
-14.94828284,-15.28585855,19.82799911,93.14199829,25.10000038,2014-08-23
-14.94828284,-15.28585855,19.82799911,93.14199829,25.10000038,2014-08-23
-14.94828284,-15.28585855,19.82799911,93.14199829,25.60000038,2014-08-23
-14.94828284,-15.28585855,19.82799911,93.14199829,24.79999924,2014-08-23
-14.94828284,-15.28585855,19.82799911,93.14199829,25,2014-08-23
-14.94828284,-15.28585855,19.82799911,93.14199829,25.10000038,2014-08-23
-14.94828284,-15.28585855,19.82799911,93.14199829,25.10000038,2014-08-23
-14.94828284,-15.28585855,19.82799911,93.14199829,25.60000038,2014-08-23
-14.94828284,-15.28585855,19.82799911,93.14199829,24.79999924,2014-08-23
-14.94828284,-15.28585855,19.82799911,93.14199829,25,2014-08-23
-14.94828284,-15.28585855,19.82799911,93.14199829,25.10000038,2014-08-23
-14.94828284,-15.28585855,19.82799911,93.14199829,25.10000038,2014-08-23
-14.94828284,-15.28585855,19.82799911,93.14199829,25.60000038,2014-08-23
-14.94828284,-15.28585855,19.82799911,93.14199829,24.79999924,2014-08-23
-14.94828284,-15.28585855,19.82799911,93.14199829,25,2014-08-23
-14.94828284,-15.28585855,19.82799911,93.14199829,25.10000038,2014-08-23
-14.94828284,-15.28585855,19.82799911,93.14199829,25.10000038,2014-08-23
-14.94828284,-15.28585855,19.82799911,93.14199829,25.60000038,2014-08-23
-14.94828284,-15.28585855,19.82799911,93.14199829,24.79999924,2014-08-23
-14.94828284,-15.28585855,19.82799911,93.14199829,25,2014-08-23
-14.94828284,-15.28585855,19.82799911,93.14199829,25.10000038,2014-08-23
-14.94828284,-15.28585855,19.82799911,93.14199829,25.10000038,2014-08-23
-14.94828284,-15.28585855,19.82799911,93.14199829,25.60000038,2014-08-23
-17.19162038,-15.69259905,19.82699966,93.13999939,25.20000076,2014-08-23
-17.19162038,-15.69259905,19.82699966,93.13999939,27.29999924,2014-08-14
-16.64043773,-15.45711233,19.82900047,93.14900208,24.39999962,2014-08-23
23.55294315,21.13165401,19.53899956,90.20800018,28.79999924,2014-02-11
21.94640859,20.36926995,18.00300026,83.88300323,25.10000038,2013-12-13
21.86573375,20.28557095,18.00300026,83.88400269,25.10000038,2013-12-13
21.90485594,20.3115522,18.0189991,83.90799713,25.10000038,2013-12-13
21.97084429,20.26535976,18.03499985,83.92700195,25,2013-12-13
21.9195233,20.39234995,18.0720005,83.94100189,25,2013-12-13
21.9195233,20.39234995,18.0720005,83.94100189,25,2013-12-13
21.91707887,20.39811932,18.0720005,83.94100189,25,2013-12-13
21.91707887,20.39811932,18.0720005,83.94100189,25,2013-12-13
21.9195233,20.39234995,18.0720005,83.94100189,25,2013-12-13
21.9195233,20.39234995,18.0720005,83.94100189,25,2013-12-13
21.91707887,20.39811932,18.0720005,83.94100189,25,2013-12-13
21.91707887,20.39811932,18.0720005,83.94100189,25,2013-12-13
21.83149085,20.3115522,18.11400032,84.03099823,25.10000038,2013-12-13
21.83149085,20.3115522,18.11400032,84.03099823,25.20000076,2013-12-13
21.83149085,20.3115522,18.11400032,84.03099823,25.20000076,2013-12-13
21.83149085,20.3115522,18.11400032,84.03099823,25.29999924,2013-12-13
21.83393712,20.3115522,18.11400032,84.03099823,25.10000038,2013-12-13
21.83393712,20.3115522,18.11400032,84.03099823,25.20000076,2013-12-13
21.83393712,20.3115522,18.11400032,84.03099823,25.20000076,2013-12-13
21.83393712,20.3115522,18.11400032,84.03099823,25.29999924,2013-12-13
21.83149085,20.3115522,18.11400032,84.03099823,25.10000038,2013-12-13
21.83149085,20.3115522,18.11400032,84.03099823,25.20000076,2013-12-13
21.83149085,20.3115522,18.11400032,84.03099823,25.20000076,2013-12-13
21.83149085,20.3115522,18.11400032,84.03099823,25.29999924,2013-12-13
21.83393712,20.3115522,18.11400032,84.03099823,25.10000038,2013-12-13
21.83393712,20.3115522,18.11400032,84.03099823,25.20000076,2013-12-13
21.83393712,20.3115522,18.11400032,84.03099823,25.20000076,2013-12-13
21.83393712,20.3115522,18.11400032,84.03099823,25.29999924,2013-12-13
21.83149085,20.3115522,18.11400032,84.03099823,25.10000038,2013-12-13
21.83149085,20.3115522,18.11400032,84.03099823,25.20000076,2013-12-13
21.83149085,20.3115522,18.11400032,84.03099823,25.20000076,2013-12-13
21.83149085,20.3115522,18.11400032,84.03099823,25.29999924,2013-12-13
21.83393712,20.3115522,18.11400032,84.03099823,25.10000038,2013-12-13
21.83393712,20.3115522,18.11400032,84.03099823,25.20000076,2013-12-13
21.83393712,20.3115522,18.11400032,84.03099823,25.20000076,2013-12-13
21.83393712,20.3115522,18.11400032,84.03099823,25.29999924,2013-12-13
21.83149085,20.3115522,18.11400032,84.03099823,25.10000038,2013-12-13
21.83149085,20.3115522,18.11400032,84.03099823,25.20000076,2013-12-13
21.83149085,20.3115522,18.11400032,84.03099823,25.20000076,2013-12-13
21.83149085,20.3115522,18.11400032,84.03099823,25.29999924,2013-12-13
21.83393712,20.3115522,18.11400032,84.03099823,25.10000038,2013-12-13
21.83393712,20.3115522,18.11400032,84.03099823,25.20000076,2013-12-13
21.83393712,20.3115522,18.11400032,84.03099823,25.20000076,2013-12-13
21.83393712,20.3115522,18.11400032,84.03099823,25.29999924,2013-12-13
22.09782585,20.56244016,18.13999939,84.08499908,25.29999924,2013-12-13
22.09782585,20.56244016,18.13999939,84.08499908,25.29999924,2013-12-13
22.10270694,20.5537968,18.13999939,84.08499908,25.29999924,2013-12-13
22.10270694,20.5537968,18.13999939,84.08499908,25.29999924,2013-12-13
22.09782585,20.56244016,18.13999939,84.08499908,25.29999924,2013-12-13
22.09782585,20.56244016,18.13999939,84.08499908,25.29999924,2013-12-13
22.10270694,20.5537968,18.13999939,84.08499908,25.29999924,2013-12-13
22.10270694,20.5537968,18.13999939,84.08499908,25.29999924,2013-12-13
22.10026642,20.41542591,18.15800095,84.12000275,25.29999924,2013-12-13
22.10026642,20.41542591,18.15800095,84.12000275,25.29999924,2013-12-13
22.09782585,20.41254164,18.15800095,84.12000275,25.29999924,2013-12-13
22.09782585,20.41254164,18.15800095,84.12000275,25.29999924,2013-12-13
22.10026642,20.41542591,18.15800095,84.12000275,25.29999924,2013-12-13
22.10026642,20.41542591,18.15800095,84.12000275,25.29999924,2013-12-13
22.09782585,20.41254164,18.15800095,84.12000275,25.29999924,2013-12-13
22.09782585,20.41254164,18.15800095,84.12000275,25.29999924,2013-12-13
22.07341725,20.32309778,18.20599937,84.19599915,25.29999924,2013-12-13
22.07341725,20.32309778,18.20599937,84.19599915,25.39999962,2013-12-13
22.07585834,20.32021148,18.20599937,84.19599915,25.29999924,2013-12-13
22.07585834,20.32021148,18.20599937,84.19599915,25.39999962,2013-12-13
22.07341725,20.32309778,18.20599937,84.19599915,25.29999924,2013-12-13
22.07341725,20.32309778,18.20599937,84.19599915,25.39999962,2013-12-13
22.07585834,20.32021148,18.20599937,84.19599915,25.29999924,2013-12-13
22.07585834,20.32021148,18.20599937,84.19599915,25.39999962,2013-12-13
22.1271093,20.37215517,18.21699905,84.21199799,25.29999924,2013-12-13
22.1271093,20.36638466,18.21699905,84.21199799,25.29999924,2013-12-13
22.09050381,20.21048515,18.22299957,84.20700073,25.20000076,2013-12-13
22.09050381,20.21048515,18.22299957,84.20700073,25.20000076,2013-12-13
22.45846683,20.61716825,18.29199982,84.29000092,25.29999924,2013-12-13
22.45846683,20.61716825,18.29199982,84.29000092,25.29999924,2013-12-13
22.45846683,20.61716825,18.29199982,84.29000092,25.29999924,2013-12-13
22.45846683,20.61716825,18.29199982,84.29000092,25.29999924,2013-12-13
24.09392855,22.72847431,18.84199905,84.82299805,26,2013-12-13
24.09392855,22.72847431,18.84199905,84.82299805,26,2013-12-13
24.09392855,22.72847431,18.84199905,84.82299805,26,2013-12-13
24.09392855,22.72847431,18.84199905,84.82299805,26.10000038,2013-12-13
24.09392855,22.72847431,18.84199905,84.82299805,26.10000038,2013-12-13
24.09392855,22.72847431,18.84199905,84.82299805,26.10000038,2013-12-13
24.09392855,22.72847431,18.84199905,84.82299805,26,2013-12-13
24.09392855,22.72847431,18.84199905,84.82299805,26,2013-12-13
24.09392855,22.72847431,18.84199905,84.82299805,26,2013-12-13
24.09392855,22.72847431,18.84199905,84.82299805,26.10000038,2013-12-13
24.09392855,22.72847431,18.84199905,84.82299805,26.10000038,2013-12-13
24.09392855,22.72847431,18.84199905,84.82299805,26.10000038,2013-12-13
24.09392855,22.72847431,18.84199905,84.82299805,26,2013-12-13
24.09392855,22.72847431,18.84199905,84.82299805,26,2013-12-13
24.09392855,22.72847431,18.84199905,84.82299805,26,2013-12-13
24.09392855,22.72847431,18.84199905,84.82299805,26.10000038,2013-12-13
24.09392855,22.72847431,18.84199905,84.82299805,26.10000038,2013-12-13
24.09392855,22.72847431,18.84199905,84.82299805,26.10000038,2013-12-13
24.09392855,22.72847431,18.84199905,84.82299805,26,2013-12-13
24.09392855,22.72847431,18.84199905,84.82299805,26,2013-12-13
24.09392855,22.72847431,18.84199905,84.82299805,26,2013-12-13
24.09392855,22.72847431,18.84199905,84.82299805,26.10000038,2013-12-13
24.09392855,22.72847431,18.84199905,84.82299805,26.10000038,2013-12-13
24.09392855,22.72847431,18.84199905,84.82299805,26.10000038,2013-12-13
24.09392855,22.72847431,18.84199905,84.82299805,26,2013-12-13
24.09392855,22.72847431,18.84199905,84.82299805,26,2013-12-13
24.09392855,22.72847431,18.84199905,84.82299805,26,2013-12-13
24.09392855,22.72847431,18.84199905,84.82299805,26.10000038,2013-12-13
24.09392855,22.72847431,18.84199905,84.82299805,26.10000038,2013-12-13
24.09392855,22.72847431,18.84199905,84.82299805,26.10000038,2013-12-13
24.09392855,22.72847431,18.84199905,84.82299805,26,2013-12-13
24.09392855,22.72847431,18.84199905,84.82299805,26,2013-12-13
24.09392855,22.72847431,18.84199905,84.82299805,26,2013-12-13
24.09392855,22.72847431,18.84199905,84.82299805,26.10000038,2013-12-13
24.09392855,22.72847431,18.84199905,84.82299805,26.10000038,2013-12-13
24.09392855,22.72847431,18.84199905,84.82299805,26.10000038,2013-12-13
23.90186633,22.41063341,18.84700012,84.80699921,26,2013-12-13
24.10352336,22.68878533,18.84799957,84.8259964,26,2013-12-13
24.10352336,22.68878533,18.84799957,84.8259964,26.10000038,2013-12-13
24.10352336,22.68878533,18.84799957,84.8259964,26,2013-12-13
24.10352336,22.68878533,18.84799957,84.8259964,26.10000038,2013-12-13
23.79369189,22.40495083,18.85099983,84.80500031,26,2013-12-13
23.79369189,22.40495083,18.85099983,84.80500031,26,2013-12-13
23.79369189,22.40495083,18.85099983,84.80500031,26,2013-12-13
23.79369189,22.40495083,18.85099983,84.80500031,26,2013-12-13
24.13949685,22.7426461,18.86199951,84.84700012,26.10000038,2013-12-13
24.13949685,22.7426461,18.86199951,84.84700012,26.10000038,2013-12-13
24.13949685,22.7426461,18.86199951,84.84700012,26.20000076,2013-12-13
24.13949685,22.7426461,18.86199951,84.84700012,26.10000038,2013-12-13
24.13949685,22.7426461,18.86199951,84.84700012,26.10000038,2013-12-13
24.13949685,22.7426461,18.86199951,84.84700012,26.20000076,2013-12-13
24.13949685,22.7426461,18.86199951,84.84700012,26.10000038,2013-12-13
24.13949685,22.7426461,18.86199951,84.84700012,26.10000038,2013-12-13
24.13949685,22.7426461,18.86199951,84.84700012,26.20000076,2013-12-13
24.14189468,22.66042888,18.87800026,84.86299896,26.20000076,2013-12-13
24.14189468,22.66042888,18.87800026,84.86299896,26.20000076,2013-12-13
24.14189468,22.66042888,18.87800026,84.86299896,26.20000076,2013-12-13
24.14189468,22.66042888,18.87800026,84.86299896,26.20000076,2013-12-13
24.14189468,22.66042888,18.87800026,84.86299896,26.20000076,2013-12-13
24.14189468,22.66042888,18.87800026,84.86299896,26.20000076,2013-12-13
24.14189468,22.66042888,18.87800026,84.86299896,26.20000076,2013-12-13
24.14189468,22.66042888,18.87800026,84.86299896,26.20000076,2013-12-13
24.14189468,22.66042888,18.87800026,84.86299896,26.20000076,2013-12-13
24.10352336,22.76531786,18.90200043,84.90599823,26.10000038,2013-12-13
24.13949685,22.63490296,18.90600014,84.91200256,26,2013-12-13
24.1490879,22.73697756,18.9090004,84.90699768,26,2013-12-13
24.12510878,22.80498425,18.94599915,84.93800354,26,2013-12-13
24.12510878,22.80498425,18.94599915,84.93800354,26,2013-12-13
24.12510878,22.80498425,18.94599915,84.93800354,26,2013-12-13
24.12510878,22.80498425,18.94599915,84.93800354,26,2013-12-13
24.12510878,22.80498425,18.94599915,84.93800354,26,2013-12-13
24.12510878,22.80498425,18.94599915,84.93800354,26,2013-12-13
24.12510878,22.80498425,18.94599915,84.93800354,26,2013-12-13
24.12510878,22.80498425,18.94599915,84.93800354,26,2013-12-13
24.12510878,22.80498425,18.94599915,84.93800354,26,2013-12-13
23.81052564,22.57248581,19.04299927,85.09400177,26.10000038,2013-12-13
23.81052564,22.57248581,19.04299927,85.09400177,26.20000076,2013-12-13
23.81052564,22.57248581,19.04299927,85.09400177,26.20000076,2013-12-13
23.81052564,22.57248581,19.04299927,85.09400177,26.20000076,2013-12-13
23.81052564,22.57248581,19.04299927,85.09400177,26.10000038,2013-12-13
23.81052564,22.57248581,19.04299927,85.09400177,26.20000076,2013-12-13
23.81052564,22.57248581,19.04299927,85.09400177,26.20000076,2013-12-13
23.81052564,22.57248581,19.04299927,85.09400177,26.20000076,2013-12-13
23.81052564,22.57248581,19.04299927,85.09400177,26.10000038,2013-12-13
23.81052564,22.57248581,19.04299927,85.09400177,26.20000076,2013-12-13
23.81052564,22.57248581,19.04299927,85.09400177,26.20000076,2013-12-13
23.81052564,22.57248581,19.04299927,85.09400177,26.20000076,2013-12-13
23.81052564,22.57248581,19.04299927,85.09400177,26.10000038,2013-12-13
23.81052564,22.57248581,19.04299927,85.09400177,26.20000076,2013-12-13
23.81052564,22.57248581,19.04299927,85.09400177,26.20000076,2013-12-13
23.81052564,22.57248581,19.04299927,85.09400177,26.20000076,2013-12-13
24.09152973,22.80781711,19.04500008,85.1210022,26,2013-12-13